split,doc_id,severity,kind,item_id,surface_or_technique,normalized_id,evidence_preview,previous_basis,decision,adjudication_basis,reviewer,review_date
dev,aa20-259a-iran-citrix-vpn-cve-19781,review,exploited_by_boundary_recertification_required,R4,T1190,,"T1190
Exploit Public-Facing Application
The threat actor primarily gained initial access by compromising a Citrix NetScaler remote access server using a publicly available exploit for CVE-2019-19781.",verified single-endpoint factual clause,ACCEPT,chapter3-boundary-sync-v1; same sentence or self-contained clause with an explicit exploitation predicate; aa20-259a-iran-citrix-vpn-cve-19781/R4 directly binds CVE-2019-19781 to T1190 as the exploit behavior,expert_adjudicator,2026-09-14
dev,aa22-074a,review,exploited_by_boundary_recertification_required,R2,T1068,,"Using the compromised account, Russian state-sponsored cyber actors performed privilege escalation [
TA0004
] via exploitation of the “PrintNightmare” vulnerability (
CVE-2021-34527
) [
T1068
] to obtain administrator privileges.",verified single-endpoint factual clause,ACCEPT,chapter3-boundary-sync-v1; same sentence or self-contained clause with an explicit exploitation predicate; aa22-074a/R2 directly binds CVE-2021-34527 to T1068 as the exploit behavior,expert_adjudicator,2026-09-14
dev,aa22-228a,blocking,weakness_without_local_explicit_cwe,E10,cross-site scripting,CWE-79," Based on industry reporting, a malicious cyber actor is selling a cross-site scripting (XSS) exploit kit for the ZCS vulnerability to CVE-2022-30333.",,REJECT,rejected under chapter3-boundary-sync-v1: descriptive weakness phrase lacks a locally explicit CWE in the source fact block; archived in data/annotations/quarantine/chapter3-boundary-sync-v1/rejected_items.json,expert_adjudicator,2026-09-14
dev,aa22-228a,blocking,weakness_without_local_explicit_cwe,E46,authentication bypass,CWE-288, CVE-2022-37042 is an authentication bypass vulnerability that affects ZCS releases 8.,,REJECT,rejected under chapter3-boundary-sync-v1: descriptive weakness phrase lacks a locally explicit CWE in the source fact block; archived in data/annotations/quarantine/chapter3-boundary-sync-v1/rejected_items.json,expert_adjudicator,2026-09-14
dev,aa22-228a,blocking,weakness_without_local_explicit_cwe,E49,directory traversal,CWE-22, CVE-2022-30333 CVE-2022-30333 is a high-severity directory traversal vulnerability in RARLAB UnRAR on Linux and UNIX allowing a malicious actor to write to files during an extract (unpack) operation.,,REJECT,rejected under chapter3-boundary-sync-v1: descriptive weakness phrase lacks a locally explicit CWE in the source fact block; archived in data/annotations/quarantine/chapter3-boundary-sync-v1/rejected_items.json,expert_adjudicator,2026-09-14
dev,aa22-228a,blocking,weakness_without_local_explicit_cwe,E54,cross-site scripting (XSS),CWE-79,"15 patch 30 (update 1), which contain a cross-site scripting (XSS) vulnerability allowing malicious actors to steal session cookie files.",,REJECT,rejected under chapter3-boundary-sync-v1: descriptive weakness phrase lacks a locally explicit CWE in the source fact block; archived in data/annotations/quarantine/chapter3-boundary-sync-v1/rejected_items.json,expert_adjudicator,2026-09-14
dev,aa22-228a,blocking,weakness_without_local_explicit_cwe,E8,path traversal,CWE-22,0 patch 25 GA release [8] Zimbra UnRAR path traversal [9] Operation EmailThief: Active exploitation of zero-day XSS vulnerability in Zimbra [10] Hotfix available 5 Feb for zero-day exploit vulnerability in Zimbra 8.,,REJECT,rejected under chapter3-boundary-sync-v1: descriptive weakness phrase lacks a locally explicit CWE in the source fact block; archived in data/annotations/quarantine/chapter3-boundary-sync-v1/rejected_items.json,expert_adjudicator,2026-09-14
dev,aa22-228a,blocking,weakness_without_local_explicit_cwe,E9,directory traversal,CWE-22, An authenticated user has the ability to upload arbitrary files to the system thereby leading to directory traversal.,,REJECT,rejected under chapter3-boundary-sync-v1: descriptive weakness phrase lacks a locally explicit CWE in the source fact block; archived in data/annotations/quarantine/chapter3-boundary-sync-v1/rejected_items.json,expert_adjudicator,2026-09-14
dev,aa23-213a,review,exploited_by_boundary_recertification_required,R11,T1190,,NCSC-NO observed the actors exploiting CVE-2023-35078 to obtain initial access to EPMM devices [T1190],verified single-endpoint factual clause,ACCEPT,chapter3-boundary-sync-v1; same sentence or self-contained clause with an explicit exploitation predicate; aa23-213a/R11 directly binds CVE-2023-35078 to T1190 as the exploit behavior,expert_adjudicator,2026-09-14
dev,aa23-213a,review,exploited_by_boundary_recertification_required,R3,T1190,,Exploit Public- Facing Application T1190 The APT actors exploited CVE-2023-35078 in public facing Ivanti EPMM appliances since at least April 2023.,verified single-endpoint factual clause,ACCEPT,chapter3-boundary-sync-v1; same sentence or self-contained clause with an explicit exploitation predicate; aa23-213a/R3 directly binds CVE-2023-35078 to T1190 as the exploit behavior,expert_adjudicator,2026-09-14
dev,aa24-109a,blocking,weakness_without_local_explicit_cwe,E158,Common Weakness Enumeration (CWE)-200,CWE-200,"Common Weakness Enumeration (CWE)-200: Exposure of Sensitive Information to an Unauthorized Actor
",,REJECT,rejected under chapter3-boundary-sync-v1: descriptive weakness phrase lacks a locally explicit CWE in the source fact block; archived in data/annotations/quarantine/chapter3-boundary-sync-v1/rejected_items.json,expert_adjudicator,2026-09-14
dev,aa24-109a,review,exploited_by_boundary_recertification_required,R12,T1068,,"After tunneling through a targeted router, Akira threat actors exploit publicly available vulnerabilities, such as those found in the Veeam Backup and Replication component of unpatched Veeam backup servers [
T1068
] (
CVE-2023-27532
 and 
CVE-2024-40711
).",verified single-endpoint factual clause,ACCEPT,chapter3-boundary-sync-v1; explicit governing list scope with an explicit exploitation predicate; aa24-109a/R12 directly binds CVE-2023-27532 to T1068 as the exploit behavior,expert_adjudicator,2026-09-14
dev,aa24-109a,review,exploited_by_boundary_recertification_required,R13,T1068,,"Akira threat actors have also been observed leveraging services like 
Veeam.Backup.MountService.exe
 for privilege escalation (
CVE-2024-40711
) [
T1068
].",verified single-endpoint factual clause,ACCEPT,chapter3-boundary-sync-v1; same sentence or self-contained clause with an explicit exploitation predicate; aa24-109a/R13 directly binds CVE-2024-40711 to T1068 as the exploit behavior,expert_adjudicator,2026-09-14
dev,aa24-109a,review,exploited_by_boundary_recertification_required,R4,T1190,,"FBI and cybersecurity researchers
1
observed Akira threat actors obtaining initial access to organizations through a virtual private network (VPN) service without multifactor authentication (MFA) configured,
2
mostly using known Common Vulnerabilities and Exposures (CVEs) [
T1190
], including:
CVE-2020-3259
 [
Common Weakness Enumeration (CWE)-200: Exposure of Sensitive Information to an Unauthorized Actor
];",verified single-endpoint factual clause,ACCEPT,chapter3-boundary-sync-v1; explicit governing list scope with an explicit exploitation predicate; aa24-109a/R4 directly binds CVE-2020-3259 to T1190 as the exploit behavior,expert_adjudicator,2026-09-14
dev,aa24-249a,blocking,weakness_without_local_explicit_cwe,E11,cross-site scripting,CWE-79," For example, the Acunetix vulnerability scanning tool has been used for gathering information on potential vulnerabilities such as blind cross-site scripting, as shown in the following commands: GET /index.",,REJECT,rejected under chapter3-boundary-sync-v1: descriptive weakness phrase lacks a locally explicit CWE in the source fact block; archived in data/annotations/quarantine/chapter3-boundary-sync-v1/rejected_items.json,expert_adjudicator,2026-09-14
dev,aa24-249a,review,exploited_by_boundary_recertification_required,R1,T1190,,"Analysis concluded Unit 29155 cyber actors have exploited the following CVEs for initial access [T1190], as detailed throughout this advisory:  CVE-2021-33044 (Dahua Security)",verified single-endpoint factual clause,ACCEPT,chapter3-boundary-sync-v1; same sentence or self-contained clause with an explicit exploitation predicate; aa24-249a/R1 directly binds CVE-2021-33044 to T1190 as the exploit behavior,expert_adjudicator,2026-09-14
dev,aa25-239a,blocking,weakness_without_local_explicit_cwe,E11,command injection,CWE-78," Example exploited CVEs, ordered by year, include:  CVE-2024-21887 - Ivanti Connect Secure and Ivanti Policy Secure web-component command injection vulnerability, commonly chained after CVE-2023-46805 (authentication bypass)  CVE-2024-3400 - Palo Alto Networks PAN-OS GlobalProtect arbitrary file c",,REJECT,rejected under chapter3-boundary-sync-v1: descriptive weakness phrase lacks a locally explicit CWE in the source fact block; archived in data/annotations/quarantine/chapter3-boundary-sync-v1/rejected_items.json,expert_adjudicator,2026-09-14
dev,aa25-239a,review,exploited_by_boundary_recertification_required,R7,T1068,,T1068 Exploit CVE-2023-20273 to gain root- level user privileges,verified explicit verb binding: 'Exploit CVE-2023-20273' via T1068 (Exploitation for Privilege Escalation) as direct exploitation vector per Section 3 guideline,ACCEPT,chapter3-boundary-sync-v1; same sentence or self-contained clause with an explicit exploitation predicate; aa25-239a/R7 directly binds CVE-2023-20273 to T1068 as the exploit behavior,expert_adjudicator,2026-09-14
dev,accellion-fta-google-accellion-data-theft-extortion,blocking,weakness_without_local_explicit_cwe,E10,OS command execution,CWE-78,"CVE-2021-27104 - OS command execution via a crafted POST request
",,REJECT,rejected under chapter3-boundary-sync-v1: descriptive weakness phrase lacks a locally explicit CWE in the source fact block; archived in data/annotations/quarantine/chapter3-boundary-sync-v1/rejected_items.json,expert_adjudicator,2026-09-14
dev,accellion-fta-google-accellion-data-theft-extortion,blocking,weakness_without_local_explicit_cwe,E5,SQL injection,CWE-89,"CVE-2021-27101 - SQL injection via a crafted Host header
",,REJECT,rejected under chapter3-boundary-sync-v1: descriptive weakness phrase lacks a locally explicit CWE in the source fact block; archived in data/annotations/quarantine/chapter3-boundary-sync-v1/rejected_items.json,expert_adjudicator,2026-09-14
dev,accellion-fta-google-accellion-data-theft-extortion,blocking,weakness_without_local_explicit_cwe,E6,OS command execution,CWE-78,"CVE-2021-27102 - OS command execution via a local web service call
",,REJECT,rejected under chapter3-boundary-sync-v1: descriptive weakness phrase lacks a locally explicit CWE in the source fact block; archived in data/annotations/quarantine/chapter3-boundary-sync-v1/rejected_items.json,expert_adjudicator,2026-09-14
dev,accellion-fta-google-accellion-data-theft-extortion,blocking,weakness_without_local_explicit_cwe,E7,SSRF,CWE-918,"CVE-2021-27103 - SSRF via a crafted POST request
",,REJECT,rejected under chapter3-boundary-sync-v1: descriptive weakness phrase lacks a locally explicit CWE in the source fact block; archived in data/annotations/quarantine/chapter3-boundary-sync-v1/rejected_items.json,expert_adjudicator,2026-09-14
dev,confluence-nvd-confluence-26084,blocking,weakness_without_local_explicit_cwe,E2,OGNL injection,CWE-917,"- In affected versions of Confluence Server and Data Center, an OGNL injection vulnerability exists that would allow an unauthenticated attacker to execute arbitrary code on a Confluence Server or Data Center instance.",,REJECT,rejected under chapter3-boundary-sync-v1: descriptive weakness phrase lacks a locally explicit CWE in the source fact block; archived in data/annotations/quarantine/chapter3-boundary-sync-v1/rejected_items.json,expert_adjudicator,2026-09-14
dev,proxylogon-microsoft-hafnium-exchange,blocking,weakness_without_local_explicit_cwe,E14,arbitrary file write,CWE-22,CVE-2021-27065 is a post-authentication arbitrary file write vulnerability in Exchange.,,REJECT,rejected under chapter3-boundary-sync-v1: descriptive weakness phrase lacks a locally explicit CWE in the source fact block; archived in data/annotations/quarantine/chapter3-boundary-sync-v1/rejected_items.json,expert_adjudicator,2026-09-14
dev,proxylogon-microsoft-hafnium-exchange,blocking,weakness_without_local_explicit_cwe,E5,server-side request forgery,CWE-918,CVE-2021-26855 is a server-side request forgery (SSRF) vulnerability in Exchange which allowed the attacker to send arbitrary HTTP requests and authenticate as the Exchange server.,,REJECT,rejected under chapter3-boundary-sync-v1: descriptive weakness phrase lacks a locally explicit CWE in the source fact block; archived in data/annotations/quarantine/chapter3-boundary-sync-v1/rejected_items.json,expert_adjudicator,2026-09-14
dev,proxylogon-microsoft-hafnium-exchange,blocking,weakness_without_local_explicit_cwe,E6,insecure deserialization,CWE-502,CVE-2021-26857 is an insecure deserialization vulnerability in the Unified Messaging service.,,REJECT,rejected under chapter3-boundary-sync-v1: descriptive weakness phrase lacks a locally explicit CWE in the source fact block; archived in data/annotations/quarantine/chapter3-boundary-sync-v1/rejected_items.json,expert_adjudicator,2026-09-14
dev,proxylogon-microsoft-hafnium-exchange,blocking,weakness_without_local_explicit_cwe,E7,arbitrary file write,CWE-22,CVE-2021-26858 is a post-authentication arbitrary file write vulnerability in Exchange.,,REJECT,rejected under chapter3-boundary-sync-v1: descriptive weakness phrase lacks a locally explicit CWE in the source fact block; archived in data/annotations/quarantine/chapter3-boundary-sync-v1/rejected_items.json,expert_adjudicator,2026-09-14
test,aa23-131a,blocking,weakness_without_local_explicit_cwe,E15,improper access controls,CWE-284,"PaperCut servers vulnerable to CVE-2023-27350 implement improper access controls in the SetupCompleted Java class, allowing malicious actors to bypass user authentication and access the server as an administrator.",,REJECT,rejected under chapter3-boundary-sync-v1: descriptive weakness phrase lacks a locally explicit CWE in the source fact block; archived in data/annotations/quarantine/chapter3-boundary-sync-v1/rejected_items.json,expert_adjudicator,2026-09-14
test,aa23-250a,review,exploited_by_boundary_recertification_required,R11,T1190,,T1190 Actors exploited a known vulnerability (CVE-2022-47966) in the organization’s web server hosting Zoho ManageEngine ServiceDesk Plus.,verified single-endpoint factual clause,ACCEPT,chapter3-boundary-sync-v1; same sentence or self-contained clause with an explicit exploitation predicate; aa23-250a/R11 directly binds CVE-2022-47966 to T1190 as the exploit behavior,expert_adjudicator,2026-09-14
test,aa23-250a,review,exploited_by_boundary_recertification_required,R12,T1068,,"T1068 Through exploitation of CVE-2022-47966, actors were given root level access on the web server and created a local user account named Azure with administrative privileges.",verified single-endpoint factual clause,ACCEPT,chapter3-boundary-sync-v1; same sentence or self-contained clause with an explicit exploitation predicate; aa23-250a/R12 directly binds CVE-2022-47966 to T1068 as the exploit behavior,expert_adjudicator,2026-09-14
test,aa23-250a,review,exploited_by_boundary_recertification_required,R4,T1190,,"3, APT actors exploited CVE-2022-47966 [T1190] for initial acces",verified single-endpoint factual clause,ACCEPT,chapter3-boundary-sync-v1; same sentence or self-contained clause with an explicit exploitation predicate; aa23-250a/R4 directly binds CVE-2022-47966 to T1190 as the exploit behavior,expert_adjudicator,2026-09-14
test,aa23-250a-manageengine-cve-47966,review,exploited_by_boundary_recertification_required,R4,T1190,,"APT actors exploited CVE-2022-47966 [
T1190",verified single-endpoint factual clause,ACCEPT,chapter3-boundary-sync-v1; same sentence or self-contained clause with an explicit exploitation predicate; aa23-250a-manageengine-cve-47966/R4 directly binds CVE-2022-47966 to T1190 as the exploit behavior,expert_adjudicator,2026-09-14
test,aa23-250a-manageengine-cve-47966,review,exploited_by_boundary_recertification_required,R5,T1068,,"T1068
Through exploitation of CVE-2022-47966",verified single-endpoint factual clause,ACCEPT,chapter3-boundary-sync-v1; same sentence or self-contained clause with an explicit exploitation predicate; aa23-250a-manageengine-cve-47966/R5 directly binds CVE-2022-47966 to T1068 as the exploit behavior,expert_adjudicator,2026-09-14
test,aa23-250a-manageengine-cve-47966,review,exploited_by_boundary_recertification_required,R6,T1190,,"T1190
Actors exploited a known vulnerability (CVE-2022-47966) in the organization’s web server hosting Zoho ManageEngine ServiceDesk Plus.",verified single-endpoint factual clause,ACCEPT,chapter3-boundary-sync-v1; same sentence or self-contained clause with an explicit exploitation predicate; aa23-250a-manageengine-cve-47966/R6 directly binds CVE-2022-47966 to T1190 as the exploit behavior,expert_adjudicator,2026-09-14
test,aa23-352a,review,exploited_by_boundary_recertification_required,R10,T1190,,exploited CVE-2024-57727 in remote monitoring and management (RMM) tool SimpleHelp [T1190,verified single-endpoint factual clause,ACCEPT,chapter3-boundary-sync-v1; same sentence or self-contained clause with an explicit exploitation predicate; aa23-352a/R10 directly binds CVE-2024-57727 to T1190 as the exploit behavior,expert_adjudicator,2026-09-14
test,aa23-352a,review,exploited_by_boundary_recertification_required,R6,T1190,,"The Play ransomware group gains initial access to victim networks through the abuse of valid accounts, likely purchased on the dark web [T1078], and exploitation of public-facing applications [T1190], specifically through known FortiOS (CVE-2018-13379 and CVE-2020-12812) and Microsoft Exchange (ProxyNotShell [CVE-2022-41040 and CVE-2022-41082]) vulnerabilities.",verified single-endpoint factual clause,ACCEPT,chapter3-boundary-sync-v1; explicit governing list scope with an explicit exploitation predicate; aa23-352a/R6 directly binds CVE-2018-13379 to T1190 as the exploit behavior,expert_adjudicator,2026-09-14
test,aa24-016a,blocking,weakness_without_local_explicit_cwe,E11,path traversal,CWE-22, Threat actors can identify uniform resource locators (URLs) for files outside root directory through a path traversal attack [T1083].,,REJECT,rejected under chapter3-boundary-sync-v1: descriptive weakness phrase lacks a locally explicit CWE in the source fact block; archived in data/annotations/quarantine/chapter3-boundary-sync-v1/rejected_items.json,expert_adjudicator,2026-09-14
test,aa24-016a,blocking,weakness_without_local_explicit_cwe,E42,un-serialized call,CWE-502," The vulnerability defined in CVE-2018-15133 indicates that on Laravel applications, XSRF token values are subject to an un-serialized call, which can allow for remote code execution.",,REJECT,rejected under chapter3-boundary-sync-v1: descriptive weakness phrase lacks a locally explicit CWE in the source fact block; archived in data/annotations/quarantine/chapter3-boundary-sync-v1/rejected_items.json,expert_adjudicator,2026-09-14
test,aa24-016a,review,exploited_by_boundary_recertification_required,R5,T1190,,"In particular, threat actors deploying Androxgh0st have been observed exploiting CVE-2017-9841 to remotely run hypertext preprocessor (PHP) code on fallible websites via PHPUnit [T1190].",verified single-endpoint factual clause,ACCEPT,chapter3-boundary-sync-v1; same sentence or self-contained clause with an explicit exploitation predicate; aa24-016a/R5 directly binds CVE-2017-9841 to T1190 as the exploit behavior,expert_adjudicator,2026-09-14
test,aa24-016a,review,exploited_by_boundary_recertification_required,R7,T1190,,Exploit Public- Facing Application T1190 The threat actor exploits CVE-2017-9841 to remotely run hypertext preprocessor (PHP) code on websites via PHPUnit.,verified single-endpoint factual clause,ACCEPT,chapter3-boundary-sync-v1; same sentence or self-contained clause with an explicit exploitation predicate; aa24-016a/R7 directly binds CVE-2017-9841 to T1190 as the exploit behavior,expert_adjudicator,2026-09-14
test,aa24-016a-androxgh0st,blocking,weakness_without_local_explicit_cwe,E11,un-serialized call,CWE-502," indicates that on Laravel applications, XSRF token values are subject to an un-serialized call, which can allow for remote code execution.",,REJECT,rejected under chapter3-boundary-sync-v1: descriptive weakness phrase lacks a locally explicit CWE in the source fact block; archived in data/annotations/quarantine/chapter3-boundary-sync-v1/rejected_items.json,expert_adjudicator,2026-09-14
test,aa24-016a-androxgh0st,blocking,weakness_without_local_explicit_cwe,E12,path traversal,CWE-22," Threat actors can identify uniform resource locators (URLs) for files outside root directory through a path traversal attack [
",,REJECT,rejected under chapter3-boundary-sync-v1: descriptive weakness phrase lacks a locally explicit CWE in the source fact block; archived in data/annotations/quarantine/chapter3-boundary-sync-v1/rejected_items.json,expert_adjudicator,2026-09-14
test,aa24-016a-androxgh0st,review,exploited_by_boundary_recertification_required,R2,T1190,,"In particular, threat actors deploying Androxgh0st have been observed exploiting 
CVE-2017-9841
 to remotely run hypertext preprocessor (PHP) code on fallible websites via PHPUnit [
T1190
].",verified single-endpoint factual clause,ACCEPT,chapter3-boundary-sync-v1; same sentence or self-contained clause with an explicit exploitation predicate; aa24-016a-androxgh0st/R2 directly binds CVE-2017-9841 to T1190 as the exploit behavior,expert_adjudicator,2026-09-14
test,aa24-016a-androxgh0st,review,exploited_by_boundary_recertification_required,R7,T1190,,"T1190
The threat actor exploits 
CVE-2017-9841",verified single-endpoint factual clause,ACCEPT,chapter3-boundary-sync-v1; same sentence or self-contained clause with an explicit exploitation predicate; aa24-016a-androxgh0st/R7 directly binds CVE-2017-9841 to T1190 as the exploit behavior,expert_adjudicator,2026-09-14
test,aa24-060b,blocking,weakness_without_local_explicit_cwe,E23,server-side request forgery,CWE-918,"[2] Following the actors’ developments, Ivanti disclosed three additional vulnerabilities: • CVE-2024-21893 is a server-side request forgery vulnerability in the SAML component of Ivanti Connect Secure (9.",,REJECT,rejected under chapter3-boundary-sync-v1: descriptive weakness phrase lacks a locally explicit CWE in the source fact block; archived in data/annotations/quarantine/chapter3-boundary-sync-v1/rejected_items.json,expert_adjudicator,2026-09-14
test,aa24-131a,review,exploited_by_boundary_recertification_required,R12,T1190,,T1190 Black Basta affiliates have exploited ConnectWise vulnerability CVE-2024-1709,verified single-endpoint factual clause,ACCEPT,chapter3-boundary-sync-v1; same sentence or self-contained clause with an explicit exploitation predicate; aa24-131a/R12 directly binds CVE-2024-1709 to T1190 as the exploit behavior,expert_adjudicator,2026-09-14
test,aa24-131a,review,exploited_by_boundary_recertification_required,R7,T1190,,exploiting ConnectWise vulnerability CVE-2024- 1709 [CWE-288] [T1190],verified single-endpoint factual clause,ACCEPT,chapter3-boundary-sync-v1; same sentence or self-contained clause with an explicit exploitation predicate; aa24-131a/R7 directly binds CVE-2024-1709 to T1190 as the exploit behavior,expert_adjudicator,2026-09-14
test,aa24-131a-black-basta-cve-1709,review,exploited_by_boundary_recertification_required,R11,T1068,,"According to cybersecurity researchers, Black Basta affiliates have also exploited ZeroLogon (
CVE-2020-1472
 [
CWE-330
]), NoPac (
CVE-2021-42278
 [
CWE-20
] and 
CVE-2021-42287
 [
CWE-269
]), and PrintNightmare (
CVE-2021-34527
 [
CWE-269
]) vulnerabilities for local and Windows Active Domain privilege escalation [
T1068
].",verified single-endpoint factual clause,ACCEPT,chapter3-boundary-sync-v1; explicit governing list scope with an explicit exploitation predicate; aa24-131a-black-basta-cve-1709/R11 directly binds CVE-2021-34527 to T1068 as the exploit behavior,expert_adjudicator,2026-09-14
test,aa24-131a-black-basta-cve-1709,review,exploited_by_boundary_recertification_required,R16,T1190,,"T1190
Black Basta affiliates have exploited ConnectWise vulnerability 
CVE-2024-1709",verified single-endpoint factual clause,ACCEPT,chapter3-boundary-sync-v1; same sentence or self-contained clause with an explicit exploitation predicate; aa24-131a-black-basta-cve-1709/R16 directly binds CVE-2024-1709 to T1190 as the exploit behavior,expert_adjudicator,2026-09-14
test,aa24-131a-black-basta-cve-1709,review,exploited_by_boundary_recertification_required,R20,T1068,,"According to cybersecurity researchers, Black Basta affiliates have also exploited ZeroLogon (
CVE-2020-1472
 [
CWE-330
]), NoPac (
CVE-2021-42278
 [
CWE-20
] and 
CVE-2021-42287
 [
CWE-269
]), and PrintNightmare (
CVE-2021-34527
 [
CWE-269
]) vulnerabilities for local and Windows Active Domain privilege escalation [
T1068
].",verified single-endpoint factual clause,ACCEPT,chapter3-boundary-sync-v1; explicit governing list scope with an explicit exploitation predicate; aa24-131a-black-basta-cve-1709/R20 directly binds CVE-2021-34527 to T1068 as the exploit behavior,expert_adjudicator,2026-09-14
test,aa24-131a-black-basta-cve-1709,review,exploited_by_boundary_recertification_required,R7,T1190,,"Starting in February 2024, Black Basta affiliates began exploiting ConnectWise vulnerability 
CVE-2024-1709
 [
CWE-288
] [
T1190
].",verified single-endpoint factual clause,ACCEPT,chapter3-boundary-sync-v1; same sentence or self-contained clause with an explicit exploitation predicate; aa24-131a-black-basta-cve-1709/R7 directly binds CVE-2024-1709 to T1190 as the exploit behavior,expert_adjudicator,2026-09-14
test,ivanti-connect-secure-cisa-ivanti-multiple-vulnerabilities,blocking,weakness_without_local_explicit_cwe,E23,server-side request forgery,CWE-918,is a server-side request forgery vulnerability in the SAML component of Ivanti Connect Secure (9.,,REJECT,rejected under chapter3-boundary-sync-v1: descriptive weakness phrase lacks a locally explicit CWE in the source fact block; archived in data/annotations/quarantine/chapter3-boundary-sync-v1/rejected_items.json,expert_adjudicator,2026-09-14
train,aa22-138b-vmware-cve-22954,blocking,weakness_without_local_explicit_cwe,E18,server-side template injection,CWE-1336, enables an actor with network access to trigger a server-side template injection that may result in RCE.,,REJECT,rejected under chapter3-boundary-sync-v1: descriptive weakness phrase lacks a locally explicit CWE in the source fact block; archived in data/annotations/quarantine/chapter3-boundary-sync-v1/rejected_items.json,expert_adjudicator,2026-09-14
train,aa22-138b-vmware-cve-22954,blocking,weakness_without_local_explicit_cwe,E5,server-side template injection,CWE-1336, Exploiting these vulnerabilities permits malicious actors to trigger a server-side template injection that may result in remote code execution (RCE) (CVE-2022-22954) or escalation of privileges to root (CVE-2022-22960).,,REJECT,rejected under chapter3-boundary-sync-v1: descriptive weakness phrase lacks a locally explicit CWE in the source fact block; archived in data/annotations/quarantine/chapter3-boundary-sync-v1/rejected_items.json,expert_adjudicator,2026-09-14
train,aa22-138b-vmware-cve-22954,review,exploited_by_boundary_recertification_required,R6,T1203,,"On April 12, TA1 exploited CVE 2022-22954 [
T1203",verified single-endpoint factual clause,ACCEPT,chapter3-boundary-sync-v1; same sentence or self-contained clause with an explicit exploitation predicate; aa22-138b-vmware-cve-22954/R6 directly binds CVE-2022-22954 to T1203 as the exploit behavior,expert_adjudicator,2026-09-14
train,aa22-138b-vmware-cve-22954,review,exploited_by_boundary_recertification_required,R7,T1068,,"TA1 then chained CVE 2022-22960 to the initial exploit to run the shell script with root privileges ([
T1068",verified single-endpoint factual clause,ACCEPT,chapter3-boundary-sync-v1; same sentence or self-contained clause with an explicit exploitation predicate; aa22-138b-vmware-cve-22954/R7 directly binds CVE-2022-22960 to T1068 as the exploit behavior,expert_adjudicator,2026-09-14
train,aa22-321a,review,exploited_by_boundary_recertification_required,R2,T1190,,and by exploiting the following vulnerabilities against Microsoft Exchange servers [T1190]: • CVE-2021-31207 - Microsoft Exchange Server Security Feature Bypass Vulnerability,verified single-endpoint factual clause,ACCEPT,chapter3-boundary-sync-v1; same sentence or self-contained clause with an explicit exploitation predicate; aa22-321a/R2 directly binds CVE-2021-31207 to T1190 as the exploit behavior,expert_adjudicator,2026-09-14
train,aa22-321a-hive-exchange,review,exploited_by_boundary_recertification_required,R7,T1190,,"Hive actors have also gained initial access to victim networks by distributing phishing emails with malicious attachments [
T1566.001
] and by exploiting the following vulnerabilities against Microsoft Exchange servers [
T1190
]:
CVE-2021-31207
 - Microsoft Exchange Server Security Feature Bypass Vulnerability",verified single-endpoint factual clause,ACCEPT,chapter3-boundary-sync-v1; same sentence or self-contained clause with an explicit exploitation predicate; aa22-321a-hive-exchange/R7 directly binds CVE-2021-31207 to T1190 as the exploit behavior,expert_adjudicator,2026-09-14
train,aa22-335a,review,exploited_by_boundary_recertification_required,R1,T1068,,Used a tool to exploit CVE-2020-1472 (also known as “ZeroLogon”) to gain Domain Administrative privileges [T1068].,verified single-endpoint factual clause,ACCEPT,chapter3-boundary-sync-v1; same sentence or self-contained clause with an explicit exploitation predicate; aa22-335a/R1 directly binds CVE-2020-1472 to T1068 as the exploit behavior,expert_adjudicator,2026-09-14
train,aa23-074a,blocking,weakness_without_local_explicit_cwe,E6,deserialization,CWE-502,NET deserialization vulnerability (CVE-2019-18935) in Progress Telerik user interface (UI) for ASP.,,REJECT,rejected under chapter3-boundary-sync-v1: descriptive weakness phrase lacks a locally explicit CWE in the source fact block; archived in data/annotations/quarantine/chapter3-boundary-sync-v1/rejected_items.json,expert_adjudicator,2026-09-14
train,aa23-074a,blocking,weakness_without_local_explicit_cwe,E78,.NET deserialization,CWE-502," Overview CISA and authoring organizations assess that, beginning as late as November 2022, threat actors successfully exploited a .NET deserialization vulnerability (CVE-2019-18935) in an instance of Telerik UI for ASP.",,REJECT,rejected under chapter3-boundary-sync-v1: descriptive weakness phrase lacks a locally explicit CWE in the source fact block; archived in data/annotations/quarantine/chapter3-boundary-sync-v1/rejected_items.json,expert_adjudicator,2026-09-14
train,aa23-074a,review,exploited_by_boundary_recertification_required,R12,T1190,,APT actors exploited CVE-2017-9248 in the agency’s IIS server [T1190].,verified single-endpoint factual clause,ACCEPT,chapter3-boundary-sync-v1; same sentence or self-contained clause with an explicit exploitation predicate; aa23-074a/R12 directly binds CVE-2017-9248 to T1190 as the exploit behavior,expert_adjudicator,2026-09-14
train,aa23-074a,review,exploited_by_boundary_recertification_required,R2,T1190,,Table 7: Initial Access Technique Title ID Use Exploit Public-Facing Application T1190 APT actors exploited CVE-2017-9248 in an FCEB agency’s Microsoft IIS server.,verified single-endpoint factual clause,ACCEPT,chapter3-boundary-sync-v1; same sentence or self-contained clause with an explicit exploitation predicate; aa23-074a/R2 directly binds CVE-2017-9248 to T1190 as the exploit behavior,expert_adjudicator,2026-09-14
train,aa23-074a,review,exploited_by_boundary_recertification_required,R3,T1190,,conducting reconnaissance and scanning activities [T1595.002] that correlate to the successful exploitation of CVE-2019-18935 in the agency’s IIS server running Telerik UI for ASP.NET AJAX [T1190].,verified single-endpoint factual clause,ACCEPT,chapter3-boundary-sync-v1; same sentence or self-contained clause with an explicit exploitation predicate; aa23-074a/R3 directly binds CVE-2019-18935 to T1190 as the exploit behavior,expert_adjudicator,2026-09-14
train,aa23-074a-telerik-cve-18935,blocking,weakness_without_local_explicit_cwe,E5,deserialization,CWE-502,NET deserialization vulnerability (CVE-2019-18935) in Progress Telerik user interface (UI) for ASP.,,REJECT,rejected under chapter3-boundary-sync-v1: descriptive weakness phrase lacks a locally explicit CWE in the source fact block; archived in data/annotations/quarantine/chapter3-boundary-sync-v1/rejected_items.json,expert_adjudicator,2026-09-14
train,aa23-074a-telerik-cve-18935,blocking,weakness_without_local_explicit_cwe,E82,deserialization,CWE-502,NET deserialization vulnerability (CVE-2019-18935) in an instance of Telerik UI for ASP.,,REJECT,rejected under chapter3-boundary-sync-v1: descriptive weakness phrase lacks a locally explicit CWE in the source fact block; archived in data/annotations/quarantine/chapter3-boundary-sync-v1/rejected_items.json,expert_adjudicator,2026-09-14
train,aa23-074a-telerik-cve-18935,review,exploited_by_boundary_recertification_required,R13,T1190,,| 04/14/2023 | Successful IIS server exploitation | APT actors exploited CVE-2017-9248 in the agency’s IIS server [T1190].,verified single-endpoint factual clause,ACCEPT,chapter3-boundary-sync-v1; same sentence or self-contained clause with an explicit exploitation predicate; aa23-074a-telerik-cve-18935/R13 directly binds CVE-2017-9248 to T1190 as the exploit behavior,expert_adjudicator,2026-09-14
train,aa23-074a-telerik-cve-18935,review,exploited_by_boundary_recertification_required,R6,T1190,,| Exploit Public-Facing Application | T1190 | APT actors exploited CVE-2017-9248 in an FCEB agency’s Microsoft IIS server.,verified single-endpoint factual clause,ACCEPT,chapter3-boundary-sync-v1; same sentence or self-contained clause with an explicit exploitation predicate; aa23-074a-telerik-cve-18935/R6 directly binds CVE-2017-9248 to T1190 as the exploit behavior,expert_adjudicator,2026-09-14
train,aa23-074a-telerik-cve-18935,review,exploited_by_boundary_recertification_required,R7,T1190,,the successful exploitation of CVE-2019-18935 in the agency’s IIS server running Telerik UI for ASP.NET AJAX [T1190].,verified single-endpoint factual clause,ACCEPT,chapter3-boundary-sync-v1; same sentence or self-contained clause with an explicit exploitation predicate; aa23-074a-telerik-cve-18935/R7 directly binds CVE-2019-18935 to T1190 as the exploit behavior,expert_adjudicator,2026-09-14
train,aa23-108,review,exploited_by_boundary_recertification_required,R1,T1190,,PT28 exploited the vulnerability CVE-2017-6742 (Cisco Bug ID: CSCve54313) [T1190].,verified single-endpoint factual clause,ACCEPT,chapter3-boundary-sync-v1; same sentence or self-contained clause with an explicit exploitation predicate; aa23-108/R1 directly binds CVE-2017-6742 to T1190 as the exploit behavior,expert_adjudicator,2026-09-14
train,aa23-108,review,exploited_by_boundary_recertification_required,R2,T1190,,Initial Access T1190 Exploit Public- facing Application. APT28 exploited default/well-known community strings in SNMP as outlined in CVE-2017-6742 (Cisco Bug ID: CSCve54313),verified single-endpoint factual clause,ACCEPT,chapter3-boundary-sync-v1; same sentence or self-contained clause with an explicit exploitation predicate; aa23-108/R2 directly binds CVE-2017-6742 to T1190 as the exploit behavior,expert_adjudicator,2026-09-14
train,aa23-136a,review,exploited_by_boundary_recertification_required,R4,T1068,,"Exploitation for Privilege Escalation T1068 BianLian group actors exploited CVE-2022-37969, which affects Windows 10 and 11 systems.",verified single-endpoint factual clause,ACCEPT,chapter3-boundary-sync-v1; same sentence or self-contained clause with an explicit exploitation predicate; aa23-136a/R4 directly binds CVE-2022-37969 to T1068 as the exploit behavior,expert_adjudicator,2026-09-14
train,aa23-136a,review,exploited_by_boundary_recertification_required,R6,T1068,,"BianLian group actors have exploited CVE-2022-37969, which affects Windows 10 and 11 systems, to escalate privileges [T1068].",verified single-endpoint factual clause,ACCEPT,chapter3-boundary-sync-v1; same sentence or self-contained clause with an explicit exploitation predicate; aa23-136a/R6 directly binds CVE-2022-37969 to T1068 as the exploit behavior,expert_adjudicator,2026-09-14
train,aa23-158a,blocking,weakness_without_local_explicit_cwe,E23,SQL injection,CWE-89,"According to open source information, beginning on May 27, 2023, CL0P Ransomware Gang, also known as TA505, began exploiting a previously unknown SQL injection vulnerability (
",,REJECT,rejected under chapter3-boundary-sync-v1: descriptive weakness phrase lacks a locally explicit CWE in the source fact block; archived in data/annotations/quarantine/chapter3-boundary-sync-v1/rejected_items.json,expert_adjudicator,2026-09-14
train,aa23-158a,blocking,weakness_without_local_explicit_cwe,E61,SQL injection,CWE-89," In May 2023, the CL0P ransomware group exploited a SQL injection zero-day vulnerability 
",,REJECT,rejected under chapter3-boundary-sync-v1: descriptive weakness phrase lacks a locally explicit CWE in the source fact block; archived in data/annotations/quarantine/chapter3-boundary-sync-v1/rejected_items.json,expert_adjudicator,2026-09-14
train,aa23-158a,blocking,weakness_without_local_explicit_cwe,E63,SQL injection,CWE-89,CL0P ransomware group exploited the zero-day vulnerability CVE-2023-34362 affecting MOVEit Transfer software; begins with a SQL injection to infiltrate the MOVEit Transfer web application.,,REJECT,rejected under chapter3-boundary-sync-v1: descriptive weakness phrase lacks a locally explicit CWE in the source fact block; archived in data/annotations/quarantine/chapter3-boundary-sync-v1/rejected_items.json,expert_adjudicator,2026-09-14
train,aa23-158a,review,exploited_by_boundary_recertification_required,R11,T1190,,"In May 2023, the CL0P ransomware group exploited a SQL injection zero-day vulnerability 
CVE-2023-34362
 to install a web shell named LEMURLOOT on MOVEit Transfer web applications [
T1190
] [
1
].",verified single-endpoint factual clause,ACCEPT,chapter3-boundary-sync-v1; same sentence or self-contained clause with an explicit exploitation predicate; aa23-158a/R11 directly binds CVE-2023-34362 to T1190 as the exploit behavior,expert_adjudicator,2026-09-14
train,aa23-158a,review,exploited_by_boundary_recertification_required,R4,T1190,,"T1190
CL0P ransomware group exploited the zero-day vulnerability CVE-2023-34362 affecting MOVEit Transfer software",verified single-endpoint factual clause,ACCEPT,chapter3-boundary-sync-v1; same sentence or self-contained clause with an explicit exploitation predicate; aa23-158a/R4 directly binds CVE-2023-34362 to T1190 as the exploit behavior,expert_adjudicator,2026-09-14
train,aa23-201a,review,exploited_by_boundary_recertification_required,R1,T1190,,"T1190
The threat actors exploited CVE-2023-3519 to implant a webshell on the organization’s NetScaler ADC appliance.",verified single-endpoint factual clause,ACCEPT,chapter3-boundary-sync-v1; same sentence or self-contained clause with an explicit exploitation predicate; aa23-201a/R1 directly binds CVE-2023-3519 to T1190 as the exploit behavior,expert_adjudicator,2026-09-14
train,aa23-208a,blocking,weakness_without_local_explicit_cwe,E2,IDOR vulnerability,CWE-639,"[2] The apps collected and relayed data from the phones to the same foreign server infrastructure, which contained an IDOR vulnerability, CVE-2022-0732.",,REJECT,rejected under chapter3-boundary-sync-v1: descriptive weakness phrase lacks a locally explicit CWE in the source fact block; archived in data/annotations/quarantine/chapter3-boundary-sync-v1/rejected_items.json,expert_adjudicator,2026-09-14
train,aa23-278a,review,exploited_by_boundary_recertification_required,R1,T1190,,"Assessment teams have observed threat actors exploiting many CVEs in public-facing applications [
T1190
], including:
CVE-2019-18935 in an unpatched instance of Telerik
®
 UI for ASP.NET running on a Microsoft IIS server.[14]",verified single-endpoint factual clause,ACCEPT,chapter3-boundary-sync-v1; explicit governing list scope with an explicit exploitation predicate; aa23-278a/R1 directly binds CVE-2019-18935 to T1190 as the exploit behavior,expert_adjudicator,2026-09-14
train,aa23-289a,blocking,weakness_without_local_explicit_cwe,E18,Broken Access Control,CWE-284," For a downloadable copy of IOCs, see: • AA23-289A STIX XML • AA23-289A STIX JSON CISA  FBI | MS-ISAC TLP:CLEAR Page 2 of 6 | Product ID: AA23-289A TLP:CLEAR TECHNICAL DETAILS Overview CVE-2023-22515 is a critical Broken Access Control vulnerability affecting the following versions of Atlassian Con",,REJECT,rejected under chapter3-boundary-sync-v1: descriptive weakness phrase lacks a locally explicit CWE in the source fact block; archived in data/annotations/quarantine/chapter3-boundary-sync-v1/rejected_items.json,expert_adjudicator,2026-09-14
train,aa23-339a,blocking,weakness_without_local_explicit_cwe,E55,improper access control,CWE-284, This vulnerability presents as an improper access control issue impacting Adobe ColdFusion versions 2018 Update 15 (and earlier) and 2021 Update 5 (and earlier).,,REJECT,rejected under chapter3-boundary-sync-v1: descriptive weakness phrase lacks a locally explicit CWE in the source fact block; archived in data/annotations/quarantine/chapter3-boundary-sync-v1/rejected_items.json,expert_adjudicator,2026-09-14
train,aa23-339a,review,exploited_by_boundary_recertification_required,R2,T1190,,"Incident 1 As early as June 26, 2023, threat actors obtained an initial foothold on a public-facing [T1190] web server running Adobe ColdFusion v2016.0.0.3 through exploitation of CVE-2023-26360.",verified single-endpoint factual clause,ACCEPT,chapter3-boundary-sync-v1; same sentence or self-contained clause with an explicit exploitation predicate; aa23-339a/R2 directly binds CVE-2023-26360 to T1190 as the exploit behavior,expert_adjudicator,2026-09-14
train,aa23-339a-coldfusion-cve-26360,blocking,weakness_without_local_explicit_cwe,E2,improper access control,CWE-284, This vulnerability presents as an improper access control issue impacting Adobe ColdFusion versions 2018 Update 15 (and earlier) and 2021 Update 5 (and earlier).,,REJECT,rejected under chapter3-boundary-sync-v1: descriptive weakness phrase lacks a locally explicit CWE in the source fact block; archived in data/annotations/quarantine/chapter3-boundary-sync-v1/rejected_items.json,expert_adjudicator,2026-09-14
train,aa23-339a-coldfusion-cve-26360,blocking,configuration_release_bearing_span,E4,Adobe ColdFusion v2021.0.0.2,cpe:2.3:a:adobe:coldfusion:2021.0.0.2:*:*:*:*:*:*:*,,,REVISE_SPAN,revised span to shortest independently identifiable product name 'Adobe ColdFusion' excluding release version per chapter3-boundary-sync-v1 Section 2.1,expert_adjudicator,2026-09-14
train,aa23-339a-coldfusion-cve-26360,blocking,configuration_release_bearing_span,E5,Adobe ColdFusion v2016.0.0.3,cpe:2.3:a:adobe:coldfusion:2016.0.0.3:*:*:*:*:*:*:*,,,REVISE_SPAN,revised span to shortest independently identifiable product name 'Adobe ColdFusion' excluding release version per chapter3-boundary-sync-v1 Section 2.1,expert_adjudicator,2026-09-14
train,aa23-347a,blocking,explicit_post_exploitation_sequence;exploited_by_boundary_recertification_required,R3,T1203,,Exploitation for Client Execution T1203 SVR cyber actors leverage arbitrary code execution after exploiting CVE- 2023-42793.,verified single-endpoint factual clause,REJECT,rejected under chapter3-boundary-sync-v1: evidence states post-exploitation activity rather than the CVE's direct ATT&CK exploit role; archived in data/annotations/quarantine/chapter3-boundary-sync-v1/rejected_items.json,expert_adjudicator,2026-09-14
train,aa23-347a,review,exploited_by_boundary_recertification_required,R8,T1190,,Exploit Public-Facing Application T1190 SVR cyber actors exploit internet- connected JetBrains TeamCity server using CVE-2023-42793 for initial access.,verified single-endpoint factual clause,ACCEPT,chapter3-boundary-sync-v1; same sentence or self-contained clause with an explicit exploitation predicate; aa23-347a/R8 directly binds CVE-2023-42793 to T1190 as the exploit behavior,expert_adjudicator,2026-09-14
train,aa23-347a-play-ransomware,review,exploited_by_boundary_recertification_required,R2,T1190,,"The SVR started to exploit Internet-connected JetBrains TeamCity servers [
T1190
] in late September 2023 using CVE-2023-42793, which enables the insecure handling of specific paths allowing for bypassing authorization, resulting in arbitrary code execution on the server.",verified single-endpoint factual clause,ACCEPT,chapter3-boundary-sync-v1; same sentence or self-contained clause with an explicit exploitation predicate; aa23-347a-play-ransomware/R2 directly binds CVE-2023-42793 to T1190 as the exploit behavior,expert_adjudicator,2026-09-14
train,aa23-347a-play-ransomware,blocking,explicit_post_exploitation_sequence;exploited_by_boundary_recertification_required,R3,T1203,,"T1203
SVR cyber actors leverage arbitrary code execution after exploiting CVE-2023-42793.",verified single-endpoint factual clause,REJECT,rejected under chapter3-boundary-sync-v1: evidence states post-exploitation activity rather than the CVE's direct ATT&CK exploit role; archived in data/annotations/quarantine/chapter3-boundary-sync-v1/rejected_items.json,expert_adjudicator,2026-09-14
train,aa23-347a-play-ransomware,review,exploited_by_boundary_recertification_required,R8,T1190,,"T1190
SVR cyber actors exploit internet-connected JetBrains TeamCity server using CVE-2023-42793 for initial access.",verified single-endpoint factual clause,ACCEPT,chapter3-boundary-sync-v1; same sentence or self-contained clause with an explicit exploitation predicate; aa23-347a-play-ransomware/R8 directly binds CVE-2023-42793 to T1190 as the exploit behavior,expert_adjudicator,2026-09-14
train,aa24-038a,blocking,weakness_without_local_explicit_cwe,E2,buffer overflow,CWE-120, There is evidence of a buffer overflow attack identified within the Secure Sockets Layer (SSL)-VPN crash logs.,,REJECT,rejected under chapter3-boundary-sync-v1: descriptive weakness phrase lacks a locally explicit CWE in the source fact block; archived in data/annotations/quarantine/chapter3-boundary-sync-v1/rejected_items.json,expert_adjudicator,2026-09-14
train,aa24-038a-volt-typhoon,blocking,weakness_without_local_explicit_cwe,E132,buffer overflow,CWE-120, There is evidence of a buffer overflow attack identified within the Secure Sockets Layer (SSL)-VPN crash logs.,,REJECT,rejected under chapter3-boundary-sync-v1: descriptive weakness phrase lacks a locally explicit CWE in the source fact block; archived in data/annotations/quarantine/chapter3-boundary-sync-v1/rejected_items.json,expert_adjudicator,2026-09-14
train,aa24-046a,blocking,weakness_without_local_explicit_cwe,E3,deserialization,CWE-502, This process is known as deserialization.,,REJECT,rejected under chapter3-boundary-sync-v1: descriptive weakness phrase lacks a locally explicit CWE in the source fact block; archived in data/annotations/quarantine/chapter3-boundary-sync-v1/rejected_items.json,expert_adjudicator,2026-09-14
train,aa24-046a,blocking,weakness_without_local_explicit_cwe,E4,cross-site scripting,CWE-79," HOW Threat actors use different defense evasion techniques, which range from disabling security software to cross-site scripting.",,REJECT,rejected under chapter3-boundary-sync-v1: descriptive weakness phrase lacks a locally explicit CWE in the source fact block; archived in data/annotations/quarantine/chapter3-boundary-sync-v1/rejected_items.json,expert_adjudicator,2026-09-14
train,aa24-193a,blocking,explicit_post_exploitation_sequence;exploited_by_boundary_recertification_required,R2,T1071.001,,Application Layer Protocol: Web Protocols T1071.001 The red team exploited CVE-2022- 21587 and ran a RAT that provided consistent C2 via open Transmis,verified single-endpoint factual clause,REJECT,rejected under chapter3-boundary-sync-v1: evidence states post-exploitation activity rather than the CVE's direct ATT&CK exploit role; archived in data/annotations/quarantine/chapter3-boundary-sync-v1/rejected_items.json,expert_adjudicator,2026-09-14
train,aa24-290a,review,exploited_by_boundary_recertification_required,R5,T1068,,"Exploitation for Privilege Escalation T1068 The actors attempted impersonation of the domain controller likely by exploiting CVE-2020-1472, Microsoft’s Netlogon Privilege Escalation vulnerability.",verified single-endpoint factual clause,ACCEPT,chapter3-boundary-sync-v1; same sentence or self-contained clause with an explicit exploitation predicate; aa24-290a/R5 directly binds CVE-2020-1472 to T1068 as the exploit behavior,expert_adjudicator,2026-09-14
train,aa24-290a,review,exploited_by_boundary_recertification_required,R6,T1202,,"Indirect Command Execution T1202 The actors attempted impersonation of the Domain Controller likely by exploiting CVE-2020-1472, Microsoft’s Netlogon Privilege Escalation vulnerability.",verified single-endpoint factual clause,REJECT,rejected under chapter3-boundary-sync-v1: the duplicated T1202 table entry classifies adjacent Indirect Command Execution behavior and does not state that CVE-2020-1472 directly instantiates T1202; the direct exploitation mapping is retained only as T1068 in R5,expert_adjudicator,2026-09-14
train,aa24-317a,blocking,weakness_without_local_explicit_cwe,E84,deserialization,CWE-502, Allows a malicious cyber actor to obtain remote code execution via this access by abusing a deserialization call.,,REJECT,rejected under chapter3-boundary-sync-v1: descriptive weakness phrase lacks a locally explicit CWE in the source fact block; archived in data/annotations/quarantine/chapter3-boundary-sync-v1/rejected_items.json,expert_adjudicator,2026-09-14
train,aa24-317a,blocking,weakness_without_local_explicit_cwe,E85,buffer overflow,CWE-120, Allows an unauthenticated user to cause a stack buffer overflow in the NSPPE process by using a HTTP GET request.,,REJECT,rejected under chapter3-boundary-sync-v1: descriptive weakness phrase lacks a locally explicit CWE in the source fact block; archived in data/annotations/quarantine/chapter3-boundary-sync-v1/rejected_items.json,expert_adjudicator,2026-09-14
train,aa24-317a,blocking,weakness_without_local_explicit_cwe,E86,command injection,CWE-78, CVE-2023-2868 : This is a remote command injection vulnerability that affects the Barracuda Networks Email Security Gateway (ESG) Appliance.,,REJECT,rejected under chapter3-boundary-sync-v1: descriptive weakness phrase lacks a locally explicit CWE in the source fact block; archived in data/annotations/quarantine/chapter3-boundary-sync-v1/rejected_items.json,expert_adjudicator,2026-09-14
train,aa25-071a,blocking,weakness_without_local_explicit_cwe,E68,CWE 89,CWE-89,  Exploitation of unpatched software vulnerabilities [T1190] through Common Vulnerabilities and Exposures (CVEs) such as the ScreenConnect vulnerability CVE-2024-1709 [CWE-288: Authentication Bypass Using an Alternate Path or Channel] and Fortinet EMS SQL injection vulnerability [CVE-2023-48788 [CW,,REJECT,rejected under chapter3-boundary-sync-v1: descriptive weakness phrase lacks a locally explicit CWE in the source fact block; archived in data/annotations/quarantine/chapter3-boundary-sync-v1/rejected_items.json,expert_adjudicator,2026-09-14
train,aa25-163a,blocking,weakness_without_local_explicit_cwe,E3,path traversal,CWE-22,"7 and earlier contain several vulnerabilities, including CVE-2024-57727—a path traversal vulnerability.",,REJECT,rejected under chapter3-boundary-sync-v1: descriptive weakness phrase lacks a locally explicit CWE in the source fact block; archived in data/annotations/quarantine/chapter3-boundary-sync-v1/rejected_items.json,expert_adjudicator,2026-09-14
train,aa25-266a,review,exploited_by_boundary_recertification_required,R5,T1068,,"The cyber threat actors attempted to escalate privileges with the publicly available dirtycow tool,1F2 which can be used to exploit CVE-2016-5195 [CWE-362: “Race Condition”] [T1068].",verified single-endpoint factual clause,ACCEPT,chapter3-boundary-sync-v1; same sentence or self-contained clause with an explicit exploitation predicate; aa25-266a/R5 directly binds CVE-2016-5195 to T1068 as the exploit behavior,expert_adjudicator,2026-09-14
train,aa25-266a,review,exploited_by_boundary_recertification_required,R6,T1190,,"To gain initial access to GeoServer 1 and GeoServer 2, the cyber threat actors exploited CVE 2024-36401 [T1190].",verified single-endpoint factual clause,ACCEPT,chapter3-boundary-sync-v1; same sentence or self-contained clause with an explicit exploitation predicate; aa25-266a/R6 directly binds CVE-2024-36401 to T1190 as the exploit behavior,expert_adjudicator,2026-09-14
train,accellion-fta-nvd-accellion-27101,blocking,weakness_without_local_explicit_cwe,E2,SQL injection,CWE-89,- Accellion FTA 9_12_370 and earlier is affected by SQL injection via a crafted Host header in a request to document_root.,,REJECT,rejected under chapter3-boundary-sync-v1: descriptive weakness phrase lacks a locally explicit CWE in the source fact block; archived in data/annotations/quarantine/chapter3-boundary-sync-v1/rejected_items.json,expert_adjudicator,2026-09-14
train,apache-httpd-41773-tenable-httpd-41773,blocking,weakness_without_local_explicit_cwe,E3,path traversal,CWE-22, The vulnerability arises from the mishandling of URL-encoded path traversal characters in the HTTP GET request.,,REJECT,rejected under chapter3-boundary-sync-v1: descriptive weakness phrase lacks a locally explicit CWE in the source fact block; archived in data/annotations/quarantine/chapter3-boundary-sync-v1/rejected_items.json,expert_adjudicator,2026-09-14
train,apache-httpd-41773-tenable-httpd-41773,blocking,weakness_without_local_explicit_cwe,E6,path traversal,CWE-22," According to their advisory, ""an attacker could use a path traversal attack to map URLs to files outside the directories configured by Alias-like directives.",,REJECT,rejected under chapter3-boundary-sync-v1: descriptive weakness phrase lacks a locally explicit CWE in the source fact block; archived in data/annotations/quarantine/chapter3-boundary-sync-v1/rejected_items.json,expert_adjudicator,2026-09-14
train,citrix-adc-cisa-citrix-3519-webshells,review,exploited_by_boundary_recertification_required,R7,T1190,,"T1190
The threat actors exploited CVE-2023-3519 to implant a webshell on the organization’s NetScaler ADC appliance.",verified single-endpoint factual clause,ACCEPT,chapter3-boundary-sync-v1; same sentence or self-contained clause with an explicit exploitation predicate; citrix-adc-cisa-citrix-3519-webshells/R7 directly binds CVE-2023-3519 to T1190 as the exploit behavior,expert_adjudicator,2026-09-14
train,citrix-adc-tenable-citrix-19781-cve,blocking,weakness_without_local_explicit_cwe,E2,Directory Traversal,CWE-22, They allow Directory Traversal.,,REJECT,rejected under chapter3-boundary-sync-v1: descriptive weakness phrase lacks a locally explicit CWE in the source fact block; archived in data/annotations/quarantine/chapter3-boundary-sync-v1/rejected_items.json,expert_adjudicator,2026-09-14
train,fortios-sslvpn-rapid7-fortinet-targeting,blocking,weakness_without_local_explicit_cwe,E15,improper authentication,CWE-287,CVE-2020-12812 is an improper authentication vulnerability in SSL VPN in FortiOS 6.,,REJECT,rejected under chapter3-boundary-sync-v1: descriptive weakness phrase lacks a locally explicit CWE in the source fact block; archived in data/annotations/quarantine/chapter3-boundary-sync-v1/rejected_items.json,expert_adjudicator,2026-09-14
train,fortios-sslvpn-rapid7-fortinet-targeting,blocking,weakness_without_local_explicit_cwe,E16,directory traversal,CWE-22,CVE-2016-3976 is a directory traversal vulnerability in SAP NetWeaver AS Java 7.,,REJECT,rejected under chapter3-boundary-sync-v1: descriptive weakness phrase lacks a locally explicit CWE in the source fact block; archived in data/annotations/quarantine/chapter3-boundary-sync-v1/rejected_items.json,expert_adjudicator,2026-09-14
train,fortios-sslvpn-rapid7-fortinet-targeting,blocking,weakness_without_local_explicit_cwe,E2,path traversal,CWE-22,CVE-2018-13379 is a pre-authentication information disclosure vulnerability that arises from a path traversal flaw in the web portal component of FortiOS SSL VPNs.,,REJECT,rejected under chapter3-boundary-sync-v1: descriptive weakness phrase lacks a locally explicit CWE in the source fact block; archived in data/annotations/quarantine/chapter3-boundary-sync-v1/rejected_items.json,expert_adjudicator,2026-09-14
train,fortios-sslvpn-rapid7-fortinet-targeting,blocking,weakness_without_local_explicit_cwe,E33,missing authentication check,CWE-306,CVE-2020-6207 arises from a missing authentication check in version 7.,,REJECT,rejected under chapter3-boundary-sync-v1: descriptive weakness phrase lacks a locally explicit CWE in the source fact block; archived in data/annotations/quarantine/chapter3-boundary-sync-v1/rejected_items.json,expert_adjudicator,2026-09-14
train,fortios-sslvpn-rapid7-fortinet-targeting,blocking,weakness_without_local_explicit_cwe,E34,XML External Entity (XXE),CWE-611,5 that allows remote authenticated users to conduct XML External Entity (XXE) attacks via the sap.,,REJECT,rejected under chapter3-boundary-sync-v1: descriptive weakness phrase lacks a locally explicit CWE in the source fact block; archived in data/annotations/quarantine/chapter3-boundary-sync-v1/rejected_items.json,expert_adjudicator,2026-09-14
train,fortios-sslvpn-rapid7-fortinet-targeting,blocking,weakness_without_local_explicit_cwe,E35,lack of authentication,CWE-306,CVE-2010-5326 is a CVSS-10 vulnerability in the Invoker Servlet on SAP NetWeaver Application Server Java platforms that arises from a lack of authentication and allows remote attackers to execute arbitrary code via an HTTP or HTTPS request.,,REJECT,rejected under chapter3-boundary-sync-v1: descriptive weakness phrase lacks a locally explicit CWE in the source fact block; archived in data/annotations/quarantine/chapter3-boundary-sync-v1/rejected_items.json,expert_adjudicator,2026-09-14
train,goanywhere-nvd-goanywhere-0669,blocking,weakness_without_local_explicit_cwe,E7,command injection,CWE-77,"- Fortra (formerly, HelpSystems) GoAnywhere MFT suffers from a pre-authentication command injection vulnerability in the License Response Servlet due to deserializing an arbitrary attacker-controlled object.",,REJECT,rejected under chapter3-boundary-sync-v1: descriptive weakness phrase lacks a locally explicit CWE in the source fact block; archived in data/annotations/quarantine/chapter3-boundary-sync-v1/rejected_items.json,expert_adjudicator,2026-09-14
