doc_id,entity_id,surface,start,end,gold_cpe,cpe_family,relation_ids,linked_cves,audit_status
"aa20-259a-iran-citrix-vpn-cve-19781","E42","Citrix NetScaler","7158","7174","cpe:2.3:a:citrix:netscaler_application_delivery_controller:*:*:*:*:*:*:*:*","a:citrix:netscaler_application_delivery_controller","R1","CVE-2019-19781","canonical_family_but_not_linked_cve"
"aa22-074a","E2","Windows Print Spooler","2146","2167","cpe:2.3:o:microsoft:windows:*:*:*:*:*:*:*:*","o:microsoft:windows","R1","CVE-2021-34527","canonical_family_but_not_linked_cve"
"aa22-138b-vmware-cve-22954","E6","VMware Workspace ONE Access","1372","1399","cpe:2.3:a:vmware:workspace_one_access:*:*:*:*:*:*:*:*","a:vmware:workspace_one_access","R2|R4","CVE-2022-22954|CVE-2022-22960","validated_linked_cve_family"
"aa22-138b-vmware-cve-22954","E7","VMware Identity Manager","1401","1424","cpe:2.3:a:vmware:identity_manager:*:*:*:*:*:*:*:*","a:vmware:identity_manager","R3|R5","CVE-2022-22954|CVE-2022-22960","validated_linked_cve_family"
"aa22-138b-vmware-cve-22954","E74","VMware vRealize Automation","1433","1459","cpe:2.3:a:vmware:vrealize_automation:*:*:*:*:*:*:*:*","a:vmware:vrealize_automation","R8|R9","CVE-2022-22954|CVE-2022-22960","validated_linked_cve_family"
"aa22-138b-vmware-cve-22954","E75","VMware Cloud Foundation","1467","1490","cpe:2.3:a:vmware:cloud_foundation:*:*:*:*:*:*:*:*","a:vmware:cloud_foundation","R10|R11","CVE-2022-22954|CVE-2022-22960","validated_linked_cve_family"
"aa22-138b-vmware-cve-22954","E76","vRealize Suite Lifecycle Manager","1496","1528","cpe:2.3:a:vmware:vrealize_suite_lifecycle_manager:*:*:*:*:*:*:*:*","a:vmware:vrealize_suite_lifecycle_manager","R12|R13","CVE-2022-22954|CVE-2022-22960","validated_linked_cve_family"
"aa22-174a-log4shell-vmware-cve-44228","E4","Unified Access Gateway","1753","1775","cpe:2.3:a:vmware:unified_access_gateway:*:*:*:*:*:*:*:*","a:vmware:unified_access_gateway","R2","CVE-2021-44228","canonical_family_but_not_linked_cve"
"aa22-174a-log4shell-vmware-cve-44228","E20","VMware Horizon","1733","1747","cpe:2.3:a:vmware:horizon:*:*:*:*:*:*:*:*","a:vmware:horizon","R1","CVE-2021-44228","canonical_family_but_not_linked_cve"
"aa22-216a","E2","Microsoft MSHTML","6918","6934","cpe:2.3:o:microsoft:windows:*:*:*:*:*:*:*:*","o:microsoft:windows","R1","CVE-2021-40444","canonical_family_but_not_linked_cve"
"aa22-228a","E11","Zimbra Collaboration","1486","1506","cpe:2.3:a:zimbra:collaboration:*:*:*:*:*:*:*:*","a:zimbra:collaboration","R1|R3|R6|R7|R8","CVE-2022-24682|CVE-2022-27924|CVE-2022-27925|CVE-2022-30333|CVE-2022-37042","canonical_family_but_not_linked_cve"
"aa22-228a","E43","ZCS","4393","4396","cpe:2.3:a:zimbra:collaboration:*:*:*:*:*:*:*:*","a:zimbra:collaboration","R9","CVE-2022-27925","canonical_family_but_not_linked_cve"
"aa22-228a","E44","ZCS","4727","4730","cpe:2.3:a:zimbra:collaboration:*:*:*:*:*:*:*:*","a:zimbra:collaboration","R11|R12","CVE-2022-27925|CVE-2022-37042","canonical_family_but_not_linked_cve"
"aa22-228a","E45","ZCS","4956","4959","cpe:2.3:a:zimbra:collaboration:*:*:*:*:*:*:*:*","a:zimbra:collaboration","R13","CVE-2022-37042","canonical_family_but_not_linked_cve"
"aa22-228a","E47","MailboxImportServlet","5208","5228","cpe:2.3:a:zimbra:collaboration:*:*:*:*:*:*:*:*","a:zimbra:collaboration","R15","CVE-2022-37042","canonical_family_but_not_linked_cve"
"aa22-228a","E48","RARLAB UnRAR","5370","5382","cpe:2.3:a:rarlab:unrar:*:*:*:*:*:*:*:*","a:rarlab:unrar","R16","CVE-2022-30333","validated_linked_cve_family"
"aa22-228a","E50","ZCS","5539","5542","cpe:2.3:a:zimbra:collaboration:*:*:*:*:*:*:*:*","a:zimbra:collaboration","R18","CVE-2022-30333","canonical_family_but_not_linked_cve"
"aa22-228a","E51","ZCS","5710","5713","cpe:2.3:a:zimbra:collaboration:*:*:*:*:*:*:*:*","a:zimbra:collaboration","R19","CVE-2022-30333","canonical_family_but_not_linked_cve"
"aa22-228a","E52","ZCS","6270","6273","cpe:2.3:a:zimbra:collaboration:*:*:*:*:*:*:*:*","a:zimbra:collaboration","R20","CVE-2022-30333","canonical_family_but_not_linked_cve"
"aa22-228a","E53","ZCS","6389","6392","cpe:2.3:a:zimbra:collaboration:*:*:*:*:*:*:*:*","a:zimbra:collaboration","R21","CVE-2022-24682","canonical_family_but_not_linked_cve"
"aa22-257a","E26","Fortinet FortiOS","13920","13936","cpe:2.3:o:fortinet:fortios:*:*:*:*:*:*:*:*","o:fortinet:fortios","R1|R2|R3","CVE-2018-13379|CVE-2019-5591|CVE-2020-12812","validated_linked_cve_family"
"aa22-257a","E29","VMware Horizon","5873","5887","cpe:2.3:a:vmware:horizon:*:*:*:*:*:*:*:*","a:vmware:horizon","R4|R7|R8","CVE-2021-44228|CVE-2021-45046|CVE-2021-45105","canonical_family_but_not_linked_cve"
"aa22-257a","E31","VMware Horizon","7641","7655","cpe:2.3:a:vmware:horizon:*:*:*:*:*:*:*:*","a:vmware:horizon","R15|R5|R6","CVE-2021-44228|CVE-2021-45046|CVE-2021-45105","canonical_family_but_not_linked_cve"
"aa22-257a","E71","Microsoft Exchange","6812","6830","cpe:2.3:a:microsoft:exchange_server:*:*:*:*:*:*:*:*","a:microsoft:exchange_server","R10|R11|R9","CVE-2021-31207|CVE-2021-34473|CVE-2021-34523","validated_linked_cve_family"
"aa22-257a","E72","Microsoft Exchange","7177","7195","cpe:2.3:a:microsoft:exchange_server:*:*:*:*:*:*:*:*","a:microsoft:exchange_server","R12|R13|R14","CVE-2021-31207|CVE-2021-34473|CVE-2021-34523","validated_linked_cve_family"
"aa22-257a","E73","Microsoft Exchange","13451","13469","cpe:2.3:a:microsoft:exchange_server:*:*:*:*:*:*:*:*","a:microsoft:exchange_server","R16|R17|R18","CVE-2021-31207|CVE-2021-34473|CVE-2021-34523","validated_linked_cve_family"
"aa22-257a","E74","Microsoft Exchange","13596","13614","cpe:2.3:a:microsoft:exchange_server:*:*:*:*:*:*:*:*","a:microsoft:exchange_server","R19|R20|R21|R22|R23","CVE-2021-31196|CVE-2021-31206|CVE-2021-33766|CVE-2021-33768|CVE-2021-34470","validated_linked_cve_family"
"aa22-264a","E2","Microsoft SharePoint","4035","4055","cpe:2.3:a:microsoft:sharepoint_server:*:*:*:*:*:*:*:*","a:microsoft:sharepoint_server","R1","CVE-2019-0604","validated_linked_cve_family"
"aa22-277a","E41","Exchange Server","5011","5026","cpe:2.3:a:microsoft:exchange_server:*:*:*:*:*:*:*:*","a:microsoft:exchange_server","R1|R2|R3|R4","CVE-2021-26855|CVE-2021-26857|CVE-2021-26858|CVE-2021-27065","validated_linked_cve_family"
"aa22-320a","E19","VMware Horizon","3497","3511","cpe:2.3:a:vmware:horizon:*:*:*:*:*:*:*:*","a:vmware:horizon","R1","CVE-2021-44228","canonical_family_but_not_linked_cve"
"aa22-321a-hive-exchange","E6","FortiOS","3496","3503","cpe:2.3:o:fortinet:fortios:*:*:*:*:*:*:*:*","o:fortinet:fortios","R1","CVE-2020-12812","validated_linked_cve_family"
"aa22-321a-hive-exchange","E18","Microsoft Exchange","4019","4037","cpe:2.3:a:microsoft:exchange_server:*:*:*:*:*:*:*:*","a:microsoft:exchange_server","R2","CVE-2021-31207","validated_linked_cve_family"
"aa22-321a-hive-exchange","E19","Microsoft Exchange","4101","4119","cpe:2.3:a:microsoft:exchange_server:*:*:*:*:*:*:*:*","a:microsoft:exchange_server","R3","CVE-2021-34473","validated_linked_cve_family"
"aa22-321a-hive-exchange","E20","Microsoft Exchange","4181","4199","cpe:2.3:a:microsoft:exchange_server:*:*:*:*:*:*:*:*","a:microsoft:exchange_server","R4","CVE-2021-34523","validated_linked_cve_family"
"aa22-321a-hive-exchange","E21","Microsoft Exchange","10159","10177","cpe:2.3:a:microsoft:exchange_server:*:*:*:*:*:*:*:*","a:microsoft:exchange_server","R12|R13|R14|R5","CVE-2021-31207|CVE-2021-34473|CVE-2021-34523|CVE-2021-42321","validated_linked_cve_family"
"aa22-321a","E29","FortiOS","3881","3888","cpe:2.3:o:fortinet:fortios:*:*:*:*:*:*:*:*","o:fortinet:fortios","R6","CVE-2020-12812","validated_linked_cve_family"
"aa22-321a","E30","Microsoft Exchange","4399","4417","cpe:2.3:a:microsoft:exchange_server:*:*:*:*:*:*:*:*","a:microsoft:exchange_server","R7","CVE-2021-31207","validated_linked_cve_family"
"aa22-321a","E31","Microsoft Exchange","4482","4500","cpe:2.3:a:microsoft:exchange_server:*:*:*:*:*:*:*:*","a:microsoft:exchange_server","R8","CVE-2021-34473","validated_linked_cve_family"
"aa22-321a","E32","Microsoft Exchange","4563","4581","cpe:2.3:a:microsoft:exchange_server:*:*:*:*:*:*:*:*","a:microsoft:exchange_server","R9","CVE-2021-34523","validated_linked_cve_family"
"aa22-321a","E33","Microsoft Exchange","10763","10781","cpe:2.3:a:microsoft:exchange_server:*:*:*:*:*:*:*:*","a:microsoft:exchange_server","R11|R13|R14|R16","CVE-2021-31207|CVE-2021-34473|CVE-2021-34523|CVE-2021-42321","validated_linked_cve_family"
"aa22-335a","E26","Windows Common Log File System (CLFS) driver","5271","5315","cpe:2.3:o:microsoft:windows:*:*:*:*:*:*:*:*","o:microsoft:windows","R2","CVE-2022-24521","canonical_family_but_not_linked_cve"
"aa23-074a-telerik-cve-18935","E14","Telerik UI for ASP.NET AJAX","2974","3001","cpe:2.3:a:progress:telerik_ui_for_asp.net_ajax:*:*:*:*:*:*:*:*","a:progress:telerik_ui_for_asp.net_ajax","R2","CVE-2019-18935","canonical_family_but_not_linked_cve"
"aa23-074a-telerik-cve-18935","E15","Telerik UI for ASP.NET AJAX","1013","1040","cpe:2.3:a:progress:telerik_ui_for_asp.net_ajax:*:*:*:*:*:*:*:*","a:progress:telerik_ui_for_asp.net_ajax","R3","CVE-2017-9248","canonical_family_but_not_linked_cve"
"aa23-074a-telerik-cve-18935","E16","Telerik UI for ASP.NET AJAX","3661","3688","cpe:2.3:a:progress:telerik_ui_for_asp.net_ajax:*:*:*:*:*:*:*:*","a:progress:telerik_ui_for_asp.net_ajax","R11|R12|R4|R5","CVE-2017-11317|CVE-2017-11357|CVE-2017-9248|CVE-2019-18935","validated_linked_cve_family"
"aa23-074a-telerik-cve-18935","E81","Progress Telerik user interface (UI) for ASP.NET AJAX","445","498","cpe:2.3:a:progress:telerik_ui_for_asp.net_ajax:*:*:*:*:*:*:*:*","a:progress:telerik_ui_for_asp.net_ajax","R8","CVE-2019-18935","canonical_family_but_not_linked_cve"
"aa23-074a-telerik-cve-18935","E83","Telerik UI for ASP.NET AJAX","3992","4019","cpe:2.3:a:progress:telerik_ui_for_asp.net_ajax:*:*:*:*:*:*:*:*","a:progress:telerik_ui_for_asp.net_ajax","R10","CVE-2017-9248","canonical_family_but_not_linked_cve"
"aa23-074a-telerik-cve-18935","E84","Telerik UI for ASP.NET AJAX","9644","9671","cpe:2.3:a:progress:telerik_ui_for_asp.net_ajax:*:*:*:*:*:*:*:*","a:progress:telerik_ui_for_asp.net_ajax","R14","CVE-2019-18935","canonical_family_but_not_linked_cve"
"aa23-074a","E21","Progress Telerik","1330","1346","cpe:2.3:a:progress:telerik_ui_for_asp.net_ajax:*:*:*:*:*:*:*:*","a:progress:telerik_ui_for_asp.net_ajax","R1","CVE-2019-18935","canonical_family_but_not_linked_cve"
"aa23-074a","E77","Telerik UI for ASP.NET AJAX","3231","3258","cpe:2.3:a:progress:telerik_ui_for_asp.net_ajax:*:*:*:*:*:*:*:*","a:progress:telerik_ui_for_asp.net_ajax","R5","CVE-2019-18935","canonical_family_but_not_linked_cve"
"aa23-074a","E79","Telerik UI for ASP.NET AJAX","3917","3944","cpe:2.3:a:progress:telerik_ui_for_asp.net_ajax:*:*:*:*:*:*:*:*","a:progress:telerik_ui_for_asp.net_ajax","R10|R7|R8|R9","CVE-2017-11317|CVE-2017-11357|CVE-2017-9248|CVE-2019-18935","validated_linked_cve_family"
"aa23-074a","E80","Telerik UI for ASP.NET AJAX DialogHandler","4241","4282","cpe:2.3:a:progress:telerik_ui_for_asp.net_ajax:*:*:*:*:*:*:*:*","a:progress:telerik_ui_for_asp.net_ajax","R11","CVE-2017-9248","canonical_family_but_not_linked_cve"
"aa23-074a","E81","Telerik","9355","9362","cpe:2.3:a:progress:telerik_ui_for_asp.net_ajax:*:*:*:*:*:*:*:*","a:progress:telerik_ui_for_asp.net_ajax","R13|R14","CVE-2017-11317|CVE-2017-11357","validated_linked_cve_family"
"aa23-074a","E82","Telerik UI for ASP.NET AJAX","9921","9948","cpe:2.3:a:progress:telerik_ui_for_asp.net_ajax:*:*:*:*:*:*:*:*","a:progress:telerik_ui_for_asp.net_ajax","R15","CVE-2019-18935","canonical_family_but_not_linked_cve"
"aa23-131a","E16","PaperCut NG","1003","1014","cpe:2.3:a:papercut:papercut_ng:*:*:*:*:*:*:*:*","a:papercut:papercut_ng","R1","CVE-2023-27350","validated_linked_cve_family"
"aa23-131a","E17","PaperCut MF","1019","1030","cpe:2.3:a:papercut:papercut_mf:*:*:*:*:*:*:*:*","a:papercut:papercut_mf","R2","CVE-2023-27350","validated_linked_cve_family"
"aa23-136a","E102","Windows 10 and 11","6903","6920","cpe:2.3:o:microsoft:windows:*:*:*:*:*:*:*:*","o:microsoft:windows","R5","CVE-2022-37969","canonical_family_but_not_linked_cve"
"aa23-136a","E103","Windows 10 and 11","23176","23193","cpe:2.3:o:microsoft:windows:*:*:*:*:*:*:*:*","o:microsoft:windows","R7","CVE-2022-37969","canonical_family_but_not_linked_cve"
"aa23-136a","E104","Netlogon","11386","11394","cpe:2.3:o:microsoft:windows:*:*:*:*:*:*:*:*","o:microsoft:windows","R8","CVE-2020-1472","canonical_family_but_not_linked_cve"
"aa23-136a","E105","NetLogon","19853","19861","cpe:2.3:o:microsoft:windows:*:*:*:*:*:*:*:*","o:microsoft:windows","R9","CVE-2020-1472","canonical_family_but_not_linked_cve"
"aa23-136a","E106","NetLogon","45392","45400","cpe:2.3:o:microsoft:windows:*:*:*:*:*:*:*:*","o:microsoft:windows","R10","CVE-2020-1472","canonical_family_but_not_linked_cve"
"aa23-158a","E35","GoAnywhere MFT","5397","5411","cpe:2.3:a:fortra:goanywhere_managed_file_transfer:*:*:*:*:*:*:*:*","a:fortra:goanywhere_managed_file_transfer","R3","CVE-2023-0669","validated_linked_cve_family"
"aa23-158a","E56","MOVEit","62","68","cpe:2.3:a:progress:moveit_transfer:*:*:*:*:*:*:*:*","a:progress:moveit_transfer","R5","CVE-2023-34362","validated_linked_cve_family"
"aa23-158a","E57","MOVEit","602","608","cpe:2.3:a:progress:moveit_transfer:*:*:*:*:*:*:*:*","a:progress:moveit_transfer","R6","CVE-2023-34362","validated_linked_cve_family"
"aa23-158a","E58","MOVEit Transfer","2567","2582","cpe:2.3:a:progress:moveit_transfer:*:*:*:*:*:*:*:*","a:progress:moveit_transfer","R7","CVE-2023-34362","validated_linked_cve_family"
"aa23-158a","E59","MOVEIT TRANSFER","8806","8821","cpe:2.3:a:progress:moveit_transfer:*:*:*:*:*:*:*:*","a:progress:moveit_transfer","R8","CVE-2023-34362","validated_linked_cve_family"
"aa23-158a","E60","MOVEit Transfer","9162","9177","cpe:2.3:a:progress:moveit_transfer:*:*:*:*:*:*:*:*","a:progress:moveit_transfer","R9","CVE-2023-34362","validated_linked_cve_family"
"aa23-158a","E62","MOVEit Transfer","24509","24524","cpe:2.3:a:progress:moveit_transfer:*:*:*:*:*:*:*:*","a:progress:moveit_transfer","R12","CVE-2023-34362","validated_linked_cve_family"
"aa23-165a","E83","F5 iControl REST","24530","24546","cpe:2.3:a:f5:big-ip:*:*:*:*:*:*:*:*","a:f5:big-ip","R1","CVE-2021-22986","canonical_family_but_not_linked_cve"
"aa23-165a","E84","Fortra GoAnyhwere Managed File Transfer (MFT)","24659","24704","cpe:2.3:a:fortra:goanywhere_managed_file_transfer:*:*:*:*:*:*:*:*","a:fortra:goanywhere_managed_file_transfer","R2","CVE-2023-0669","validated_linked_cve_family"
"aa23-165a","E85","Apache Log4j2","24907","24920","cpe:2.3:a:apache:log4j:*:*:*:*:*:*:*:*","a:apache:log4j","R3","CVE-2021-44228","validated_linked_cve_family"
"aa23-165a","E86","F5 BIG-IP","24976","24985","cpe:2.3:a:f5:big-ip:*:*:*:*:*:*:*:*","a:f5:big-ip","R4","CVE-2021-22986","canonical_family_but_not_linked_cve"
"aa23-165a","E87","BIG-IQ Centralized Management","24990","25019","cpe:2.3:a:f5:big-iq_centralized_management:*:*:*:*:*:*:*:*","a:f5:big-iq_centralized_management","R5","CVE-2021-22986","validated_linked_cve_family"
"aa23-165a","E88","NetLogon","25088","25096","cpe:2.3:o:microsoft:windows:*:*:*:*:*:*:*:*","o:microsoft:windows","R6","CVE-2020-1472","canonical_family_but_not_linked_cve"
"aa23-165a","E89","Microsoft Remote Desktop Services","25150","25183","cpe:2.3:o:microsoft:windows:*:*:*:*:*:*:*:*","o:microsoft:windows","R7","CVE-2019-0708","canonical_family_but_not_linked_cve"
"aa23-165a","E90","Fortinet FortiOS","25243","25259","cpe:2.3:o:fortinet:fortios:*:*:*:*:*:*:*:*","o:fortinet:fortios","R8","CVE-2018-13379","validated_linked_cve_family"
"aa23-187a","E93","Netwrix Auditor","30447","30462","cpe:2.3:a:netwrix:auditor:*:*:*:*:*:*:*:*","a:netwrix:auditor","R3","CVE-2022-31199","validated_linked_cve_family"
"aa23-187a","E94","Netwrix Auditor","2177","2192","cpe:2.3:a:netwrix:auditor:*:*:*:*:*:*:*:*","a:netwrix:auditor","R4","CVE-2022-31199","validated_linked_cve_family"
"aa23-187a","E95","Netwrix Auditor","4852","4867","cpe:2.3:a:netwrix:auditor:*:*:*:*:*:*:*:*","a:netwrix:auditor","R5","CVE-2022-31199","validated_linked_cve_family"
"aa23-201a","E110","NetScaler (formerly Citrix) Application Delivery Controller (ADC)","1239","1304","cpe:2.3:a:citrix:netscaler_application_delivery_controller:*:*:*:*:*:*:*:*","a:citrix:netscaler_application_delivery_controller","R2","CVE-2023-3519","validated_linked_cve_family"
"aa23-201a","E111","NetScaler Gateway","1309","1326","cpe:2.3:a:citrix:netscaler_gateway:*:*:*:*:*:*:*:*","a:citrix:netscaler_gateway","R3","CVE-2023-3519","validated_linked_cve_family"
"aa23-201a","E112","NetScaler ADC","3504","3517","cpe:2.3:a:citrix:netscaler_application_delivery_controller:*:*:*:*:*:*:*:*","a:citrix:netscaler_application_delivery_controller","R4","CVE-2023-3519","validated_linked_cve_family"
"aa23-201a","E113","NetScaler ADC","4171","4184","cpe:2.3:a:citrix:netscaler_application_delivery_controller:*:*:*:*:*:*:*:*","a:citrix:netscaler_application_delivery_controller","R5","CVE-2023-3519","validated_linked_cve_family"
"aa23-201a","E114","NetScaler Gateway","4189","4206","cpe:2.3:a:citrix:netscaler_gateway:*:*:*:*:*:*:*:*","a:citrix:netscaler_gateway","R6","CVE-2023-3519","validated_linked_cve_family"
"aa23-201a","E115","NetScaler ADC","14478","14491","cpe:2.3:a:citrix:netscaler_application_delivery_controller:*:*:*:*:*:*:*:*","a:citrix:netscaler_application_delivery_controller","R7","CVE-2023-3519","validated_linked_cve_family"
"aa23-213a","E66","Ivanti Endpoint Manager Mobile (EPMM)","2035","2072","cpe:2.3:a:ivanti:endpoint_manager_mobile:*:*:*:*:*:*:*:*","a:ivanti:endpoint_manager_mobile","R4","CVE-2023-35078","validated_linked_cve_family"
"aa23-213a","E67","EPMM","2312","2316","cpe:2.3:a:ivanti:endpoint_manager_mobile:*:*:*:*:*:*:*:*","a:ivanti:endpoint_manager_mobile","R5","CVE-2023-35081","validated_linked_cve_family"
"aa23-213a","E69","Ivanti Endpoint Manager Mobile (EPMM)","4747","4784","cpe:2.3:a:ivanti:endpoint_manager_mobile:*:*:*:*:*:*:*:*","a:ivanti:endpoint_manager_mobile","R7","CVE-2023-35078","validated_linked_cve_family"
"aa23-213a","E70","EPMM","5396","5400","cpe:2.3:a:ivanti:endpoint_manager_mobile:*:*:*:*:*:*:*:*","a:ivanti:endpoint_manager_mobile","R9","CVE-2023-35081","validated_linked_cve_family"
"aa23-213a","E71","EPMM","6493","6497","cpe:2.3:a:ivanti:endpoint_manager_mobile:*:*:*:*:*:*:*:*","a:ivanti:endpoint_manager_mobile","R10","CVE-2023-35078","validated_linked_cve_family"
"aa23-213a","E72","EPMM","7516","7520","cpe:2.3:a:ivanti:endpoint_manager_mobile:*:*:*:*:*:*:*:*","a:ivanti:endpoint_manager_mobile","R12","CVE-2023-35081","validated_linked_cve_family"
"aa23-213a","E73","Ivanti EPMM","8576","8587","cpe:2.3:a:ivanti:endpoint_manager_mobile:*:*:*:*:*:*:*:*","a:ivanti:endpoint_manager_mobile","R14","CVE-2023-35078","validated_linked_cve_family"
"aa23-213a","E74","EPMM","8817","8821","cpe:2.3:a:ivanti:endpoint_manager_mobile:*:*:*:*:*:*:*:*","a:ivanti:endpoint_manager_mobile","R15","CVE-2023-35081","validated_linked_cve_family"
"aa23-213a","E75","EPMM","9016","9020","cpe:2.3:a:ivanti:endpoint_manager_mobile:*:*:*:*:*:*:*:*","a:ivanti:endpoint_manager_mobile","R17","CVE-2023-35078","validated_linked_cve_family"
"aa23-215a","E165","Microsoft Exchange","5374","5392","cpe:2.3:a:microsoft:exchange_server:*:*:*:*:*:*:*:*","a:microsoft:exchange_server","R1|R2|R3","CVE-2021-31207|CVE-2021-34473|CVE-2021-34523","validated_linked_cve_family"
"aa23-215a","E166","Zoho ManageEngine ADSelfService Plus","5898","5934","cpe:2.3:a:zohocorp:manageengine_adselfservice_plus:*:*:*:*:*:*:*:*","a:zohocorp:manageengine_adselfservice_plus","R4","CVE-2021-40539","validated_linked_cve_family"
"aa23-215a","E167","Atlassian Confluence","6147","6167","cpe:2.3:a:atlassian:confluence:*:*:*:*:*:*:*:*","a:atlassian:confluence","R5","CVE-2021-26084","canonical_family_but_not_linked_cve"
"aa23-215a","E168","Apache’s Log4j","6652","6666","cpe:2.3:a:apache:log4j:*:*:*:*:*:*:*:*","a:apache:log4j","R6","CVE-2021-44228","validated_linked_cve_family"
"aa23-215a","E169","VMware Workspace ONE Access","7388","7415","cpe:2.3:a:vmware:workspace_one_access:*:*:*:*:*:*:*:*","a:vmware:workspace_one_access","R7|R9","CVE-2022-22954|CVE-2022-22960","validated_linked_cve_family"
"aa23-215a","E170","Identity Manager","7417","7433","cpe:2.3:a:vmware:identity_manager:*:*:*:*:*:*:*:*","a:vmware:identity_manager","R10|R8","CVE-2022-22954|CVE-2022-22960","validated_linked_cve_family"
"aa23-215a","E171","F5 BIG-IP","7854","7863","cpe:2.3:a:f5:big-ip:*:*:*:*:*:*:*:*","a:f5:big-ip","R11","CVE-2022-1388","canonical_family_but_not_linked_cve"
"aa23-215a","E172","Microsoft Support Diagnostic Tool (MSDT)","7958","7998","cpe:2.3:o:microsoft:windows:*:*:*:*:*:*:*:*","o:microsoft:windows","R12","CVE-2022-30190","canonical_family_but_not_linked_cve"
"aa23-215a","E173","Atlassian Confluence","8178","8198","cpe:2.3:a:atlassian:confluence:*:*:*:*:*:*:*:*","a:atlassian:confluence","R13","CVE-2022-26134","canonical_family_but_not_linked_cve"
"aa23-215a","E174","FortiOS","8548","8555","cpe:2.3:o:fortinet:fortios:*:*:*:*:*:*:*:*","o:fortinet:fortios","R14","CVE-2018-13379","validated_linked_cve_family"
"aa23-215a","E175","FortiProxy","8560","8570","cpe:2.3:a:fortinet:fortiproxy:*:*:*:*:*:*:*:*","a:fortinet:fortiproxy","R15","CVE-2018-13379","validated_linked_cve_family"
"aa23-215a","E176","Exchange Server","8724","8739","cpe:2.3:a:microsoft:exchange_server:*:*:*:*:*:*:*:*","a:microsoft:exchange_server","R17","CVE-2021-34473","validated_linked_cve_family"
"aa23-215a","E177","Exchange Server","8826","8841","cpe:2.3:a:microsoft:exchange_server:*:*:*:*:*:*:*:*","a:microsoft:exchange_server","R19","CVE-2021-31207","validated_linked_cve_family"
"aa23-215a","E178","Exchange Server","8991","9006","cpe:2.3:a:microsoft:exchange_server:*:*:*:*:*:*:*:*","a:microsoft:exchange_server","R21","CVE-2021-34523","validated_linked_cve_family"
"aa23-215a","E179","ADSelfService Plus","9095","9113","cpe:2.3:a:zohocorp:manageengine_adselfservice_plus:*:*:*:*:*:*:*:*","a:zohocorp:manageengine_adselfservice_plus","R23","CVE-2021-40539","validated_linked_cve_family"
"aa23-215a","E180","Confluence","9198","9208","cpe:2.3:a:atlassian:confluence:*:*:*:*:*:*:*:*","a:atlassian:confluence","R25","CVE-2021-26084","canonical_family_but_not_linked_cve"
"aa23-215a","E181","Log4j2","9398","9404","cpe:2.3:a:apache:log4j:*:*:*:*:*:*:*:*","a:apache:log4j","R27","CVE-2021-44228","validated_linked_cve_family"
"aa23-215a","E182","Workspace ONE Access","9681","9701","cpe:2.3:a:vmware:workspace_one_access:*:*:*:*:*:*:*:*","a:vmware:workspace_one_access","R32","CVE-2022-22954","validated_linked_cve_family"
"aa23-215a","E183","Identity Manager","9706","9722","cpe:2.3:a:vmware:identity_manager:*:*:*:*:*:*:*:*","a:vmware:identity_manager","R33","CVE-2022-22954","validated_linked_cve_family"
"aa23-215a","E184","Workspace ONE Access","9814","9834","cpe:2.3:a:vmware:workspace_one_access:*:*:*:*:*:*:*:*","a:vmware:workspace_one_access","R35","CVE-2022-22960","validated_linked_cve_family"
"aa23-215a","E185","Identity Manager","9836","9852","cpe:2.3:a:vmware:identity_manager:*:*:*:*:*:*:*:*","a:vmware:identity_manager","R36","CVE-2022-22960","validated_linked_cve_family"
"aa23-215a","E186","vRealize Automation","9858","9877","cpe:2.3:a:vmware:vrealize_automation:*:*:*:*:*:*:*:*","a:vmware:vrealize_automation","R37","CVE-2022-22960","validated_linked_cve_family"
"aa23-215a","E187","BIG-IP","9972","9978","cpe:2.3:a:f5:big-ip:*:*:*:*:*:*:*:*","a:f5:big-ip","R39","CVE-2022-1388","canonical_family_but_not_linked_cve"
"aa23-215a","E188","Confluence","10153","10163","cpe:2.3:a:atlassian:confluence:*:*:*:*:*:*:*:*","a:atlassian:confluence","R41","CVE-2022-26134","canonical_family_but_not_linked_cve"
"aa23-215a","E189","Exchange Server","10735","10750","cpe:2.3:a:microsoft:exchange_server:*:*:*:*:*:*:*:*","a:microsoft:exchange_server","R43","CVE-2017-11882","canonical_family_but_not_linked_cve"
"aa23-215a","E190","Pulse Connect Secure","10892","10912","cpe:2.3:a:ivanti:connect_secure:*:*:*:*:*:*:*:*","a:ivanti:connect_secure","R45","CVE-2019-11510","validated_linked_cve_family"
"aa23-215a","E191","Remote Desktop Services","11047","11070","cpe:2.3:o:microsoft:windows:*:*:*:*:*:*:*:*","o:microsoft:windows","R47","CVE-2019-0708","canonical_family_but_not_linked_cve"
"aa23-215a","E192","Application Delivery Controller","11121","11152","cpe:2.3:a:citrix:netscaler_application_delivery_controller:*:*:*:*:*:*:*:*","a:citrix:netscaler_application_delivery_controller","R49","CVE-2019-19781","canonical_family_but_not_linked_cve"
"aa23-215a","E193","Gateway","11157","11164","cpe:2.3:a:citrix:netscaler_gateway:*:*:*:*:*:*:*:*","a:citrix:netscaler_gateway","R50","CVE-2019-19781","validated_by_adjudication"
"aa23-215a","E194","BIG-IP","11303","11309","cpe:2.3:a:f5:big-ip:*:*:*:*:*:*:*:*","a:f5:big-ip","R52","CVE-2020-5902","canonical_family_but_not_linked_cve"
"aa23-215a","E195","WebLogic Server","11531","11546","cpe:2.3:a:oracle:weblogic_server:*:*:*:*:*:*:*:*","a:oracle:weblogic_server","R55","CVE-2020-14882","validated_linked_cve_family"
"aa23-215a","E196","WebLogic Server","11585","11600","cpe:2.3:a:oracle:weblogic_server:*:*:*:*:*:*:*:*","a:oracle:weblogic_server","R56","CVE-2020-14883","validated_linked_cve_family"
"aa23-215a","E197","SMA100","11649","11655","cpe:2.3:o:sonicwall:sma_100_firmware:*:*:*:*:*:*:*:*","o:sonicwall:sma_100_firmware","R57","CVE-2021-20016","validated_linked_cve_family"
"aa23-215a","E198","Exchange Server","11801","11816","cpe:2.3:a:microsoft:exchange_server:*:*:*:*:*:*:*:*","a:microsoft:exchange_server","R59","CVE-2021-26855","validated_linked_cve_family"
"aa23-215a","E199","Exchange Server","11903","11918","cpe:2.3:a:microsoft:exchange_server:*:*:*:*:*:*:*:*","a:microsoft:exchange_server","R61","CVE-2021-27065","validated_linked_cve_family"
"aa23-215a","E200","Exchange Server","12048","12063","cpe:2.3:a:microsoft:exchange_server:*:*:*:*:*:*:*:*","a:microsoft:exchange_server","R63","CVE-2021-26858","validated_linked_cve_family"
"aa23-215a","E201","Exchange Server","12118","12133","cpe:2.3:a:microsoft:exchange_server:*:*:*:*:*:*:*:*","a:microsoft:exchange_server","R64","CVE-2021-26857","validated_linked_cve_family"
"aa23-215a","E202","Email Security","12206","12220","cpe:2.3:a:sonicwall:email_security:*:*:*:*:*:*:*:*","a:sonicwall:email_security","R66","CVE-2021-20021","validated_linked_cve_family"
"aa23-215a","E203","HTTP Server","12317","12328","cpe:2.3:a:apache:http_server:*:*:*:*:*:*:*:*","a:apache:http_server","R68","CVE-2021-40438","validated_linked_cve_family"
"aa23-215a","E204","HTTP Server","12423","12434","cpe:2.3:a:apache:http_server:*:*:*:*:*:*:*:*","a:apache:http_server","R70","CVE-2021-41773","validated_linked_cve_family"
"aa23-215a","E205","HTTP Server","12566","12577","cpe:2.3:a:apache:http_server:*:*:*:*:*:*:*:*","a:apache:http_server","R72","CVE-2021-42013","validated_linked_cve_family"
"aa23-215a","E206","SMA 100 Series","12712","12726","cpe:2.3:o:sonicwall:sma_100_firmware:*:*:*:*:*:*:*:*","o:sonicwall:sma_100_firmware","R74","CVE-2021-20038","canonical_family_but_not_linked_cve"
"aa23-215a","E207","Log4j","12854","12859","cpe:2.3:a:apache:log4j:*:*:*:*:*:*:*:*","a:apache:log4j","R77","CVE-2021-45046","validated_linked_cve_family"
"aa23-215a","E208","FortiOS","13016","13023","cpe:2.3:o:fortinet:fortios:*:*:*:*:*:*:*:*","o:fortinet:fortios","R79","CVE-2022-42475","validated_linked_cve_family"
"aa23-215a","E209","Collaboration Suite","13102","13121","cpe:2.3:a:zimbra:collaboration:*:*:*:*:*:*:*:*","a:zimbra:collaboration","R81","CVE-2022-24682","canonical_family_but_not_linked_cve"
"aa23-215a","E210","Internet Communication Manager (ICM)","13257","13293","cpe:2.3:a:sap:internet_communication_manager:*:*:*:*:*:*:*:*","a:sap:internet_communication_manager","R83","CVE-2022-22536","canonical_family_but_not_linked_cve"
"aa23-215a","E211","Spring Cloud","13435","13447","cpe:2.3:a:vmware:spring_cloud_function:*:*:*:*:*:*:*:*","a:vmware:spring_cloud_function","R85","CVE-2022-22963","validated_linked_cve_family"
"aa23-215a","E212","Zimbra Collaboration Suite","13767","13793","cpe:2.3:a:zimbra:collaboration:*:*:*:*:*:*:*:*","a:zimbra:collaboration","R89","CVE-2022-27924","canonical_family_but_not_linked_cve"
"aa23-215a","E213","Windows CSRSS","13944","13957","cpe:2.3:o:microsoft:windows:*:*:*:*:*:*:*:*","o:microsoft:windows","R91","CVE-2022-22047","canonical_family_but_not_linked_cve"
"aa23-215a","E214","QNAP NAS","14040","14048","cpe:2.3:h:qnap:nas:*:*:*:*:*:*:*:*","h:qnap:nas","R93","CVE-2022-27593","canonical_family_but_not_linked_cve"
"aa23-215a","E215","Exchange Server","14179","14194","cpe:2.3:a:microsoft:exchange_server:*:*:*:*:*:*:*:*","a:microsoft:exchange_server","R95","CVE-2022-41082","validated_linked_cve_family"
"aa23-215a","E216","FortiOS","14252","14259","cpe:2.3:o:fortinet:fortios:*:*:*:*:*:*:*:*","o:fortinet:fortios","R96","CVE-2022-40684","validated_linked_cve_family"
"aa23-215a","E217","FortiProxy","14261","14271","cpe:2.3:a:fortinet:fortiproxy:*:*:*:*:*:*:*:*","a:fortinet:fortiproxy","R97","CVE-2022-40684","validated_linked_cve_family"
"aa23-215a","E218","FortiSwitchManager","14273","14291","cpe:2.3:a:fortinet:fortiswitchmanager:*:*:*:*:*:*:*:*","a:fortinet:fortiswitchmanager","R98","CVE-2022-40684","validated_linked_cve_family"
"aa23-215a","E219","Office","25891","25897","cpe:2.3:a:microsoft:office:*:*:*:*:*:*:*:*","a:microsoft:office","R100","CVE-2017-11882","validated_linked_cve_family"
"aa23-215a","E220","FortiOS","26008","26015","cpe:2.3:o:fortinet:fortios:*:*:*:*:*:*:*:*","o:fortinet:fortios","R101","CVE-2018-13379","validated_linked_cve_family"
"aa23-215a","E221","FortiProxy","26020","26030","cpe:2.3:a:fortinet:fortiproxy:*:*:*:*:*:*:*:*","a:fortinet:fortiproxy","R102","CVE-2018-13379","validated_linked_cve_family"
"aa23-215a","E222","Pulse Connect Secure","26640","26660","cpe:2.3:a:ivanti:connect_secure:*:*:*:*:*:*:*:*","a:ivanti:connect_secure","R103","CVE-2019-11510","validated_linked_cve_family"
"aa23-215a","E223","Remote Desktop Services","27305","27328","cpe:2.3:o:microsoft:windows:*:*:*:*:*:*:*:*","o:microsoft:windows","R104","CVE-2019-0708","canonical_family_but_not_linked_cve"
"aa23-215a","E224","SD-WAN WANOP","27729","27741","cpe:2.3:a:citrix:sd-wan:*:*:*:*:*:*:*:*","a:citrix:sd-wan","R105","CVE-2019-19781","canonical_family_but_not_linked_cve"
"aa23-215a","E225","BIG IP","28261","28267","cpe:2.3:a:f5:big-ip:*:*:*:*:*:*:*:*","a:f5:big-ip","R106","CVE-2020-5902","canonical_family_but_not_linked_cve"
"aa23-215a","E226","Windows Server","28515","28529","cpe:2.3:o:microsoft:windows_server:*:*:*:*:*:*:*:*","o:microsoft:windows_server","R107","CVE-2020-1472","canonical_family_but_not_linked_cve"
"aa23-215a","E227","WebLogic Server","28961","28976","cpe:2.3:a:oracle:weblogic_server:*:*:*:*:*:*:*:*","a:oracle:weblogic_server","R108","CVE-2020-14882","validated_linked_cve_family"
"aa23-215a","E228","WebLogic Server","29123","29138","cpe:2.3:a:oracle:weblogic_server:*:*:*:*:*:*:*:*","a:oracle:weblogic_server","R109","CVE-2020-14883","validated_linked_cve_family"
"aa23-215a","E229","SSLVPN SMA100","29288","29301","cpe:2.3:o:sonicwall:sma_100_firmware:*:*:*:*:*:*:*:*","o:sonicwall:sma_100_firmware","R110","CVE-2021-20016","validated_linked_cve_family"
"aa23-215a","E230","Exchange Server","29425","29440","cpe:2.3:a:microsoft:exchange_server:*:*:*:*:*:*:*:*","a:microsoft:exchange_server","R111","CVE-2021-26855","validated_linked_cve_family"
"aa23-215a","E231","Exchange Server","29626","29641","cpe:2.3:a:microsoft:exchange_server:*:*:*:*:*:*:*:*","a:microsoft:exchange_server","R112","CVE-2021-26857","validated_linked_cve_family"
"aa23-215a","E232","Exchange Server","29827","29842","cpe:2.3:a:microsoft:exchange_server:*:*:*:*:*:*:*:*","a:microsoft:exchange_server","R113","CVE-2021-26858","validated_linked_cve_family"
"aa23-215a","E233","Email Security","30212","30226","cpe:2.3:a:sonicwall:email_security:*:*:*:*:*:*:*:*","a:sonicwall:email_security","R114","CVE-2021-20021","validated_linked_cve_family"
"aa23-215a","E234","Exchange Server","30376","30391","cpe:2.3:a:microsoft:exchange_server:*:*:*:*:*:*:*:*","a:microsoft:exchange_server","R115","CVE-2021-31207","validated_linked_cve_family"
"aa23-215a","E235","Confluence","30667","30677","cpe:2.3:a:atlassian:confluence:*:*:*:*:*:*:*:*","a:atlassian:confluence","R116","CVE-2022-26134","canonical_family_but_not_linked_cve"
"aa23-215a","E236","Exchange Server","31019","31034","cpe:2.3:a:microsoft:exchange_server:*:*:*:*:*:*:*:*","a:microsoft:exchange_server","R117","CVE-2021-34473","validated_linked_cve_family"
"aa23-215a","E237","Microsoft Exchange Server","31311","31336","cpe:2.3:a:microsoft:exchange_server:*:*:*:*:*:*:*:*","a:microsoft:exchange_server","R118","CVE-2021-34523","validated_linked_cve_family"
"aa23-215a","E238","Confluence","31676","31686","cpe:2.3:a:atlassian:confluence:*:*:*:*:*:*:*:*","a:atlassian:confluence","R119","CVE-2021-26084","canonical_family_but_not_linked_cve"
"aa23-215a","E239","ManageEngine ADSelfService Plus","32035","32066","cpe:2.3:a:zohocorp:manageengine_adselfservice_plus:*:*:*:*:*:*:*:*","a:zohocorp:manageengine_adselfservice_plus","R120","CVE-2021-40539","validated_linked_cve_family"
"aa23-215a","E240","HTTP Server","32278","32289","cpe:2.3:a:apache:http_server:*:*:*:*:*:*:*:*","a:apache:http_server","R121","CVE-2021-40438","validated_linked_cve_family"
"aa23-215a","E241","Apache HTTP Server","32323","32341","cpe:2.3:a:apache:http_server:*:*:*:*:*:*:*:*","a:apache:http_server","R122","CVE-2021-41773","validated_linked_cve_family"
"aa23-215a","E242","Apache HTTP Server","32412","32430","cpe:2.3:a:apache:http_server:*:*:*:*:*:*:*:*","a:apache:http_server","R123","CVE-2021-42013","validated_linked_cve_family"
"aa23-215a","E243","SMA 100 Series","32504","32518","cpe:2.3:o:sonicwall:sma_100_firmware:*:*:*:*:*:*:*:*","o:sonicwall:sma_100_firmware","R124","CVE-2021-20038","canonical_family_but_not_linked_cve"
"aa23-215a","E244","Log4j","32846","32851","cpe:2.3:a:apache:log4j:*:*:*:*:*:*:*:*","a:apache:log4j","R125","CVE-2021-44228","validated_linked_cve_family"
"aa23-215a","E245","Log4j","33386","33391","cpe:2.3:a:apache:log4j:*:*:*:*:*:*:*:*","a:apache:log4j","R126","CVE-2021-45046","validated_linked_cve_family"
"aa23-215a","E246","FortiOS","33468","33475","cpe:2.3:o:fortinet:fortios:*:*:*:*:*:*:*:*","o:fortinet:fortios","R127","CVE-2022-42475","validated_linked_cve_family"
"aa23-215a","E247","FortiProxy","33595","33605","cpe:2.3:a:fortinet:fortiproxy:*:*:*:*:*:*:*:*","a:fortinet:fortiproxy","R128","CVE-2022-42475","validated_linked_cve_family"
"aa23-215a","E248","Zimbra Collaboration Suite","33725","33751","cpe:2.3:a:zimbra:collaboration:*:*:*:*:*:*:*:*","a:zimbra:collaboration","R129","CVE-2022-24682","canonical_family_but_not_linked_cve"
"aa23-215a","E249","NetWeaver Application Server ABAP","33887","33920","cpe:2.3:a:sap:netweaver_application_server_abap:*:*:*:*:*:*:*:*","a:sap:netweaver_application_server_abap","R130","CVE-2022-22536","validated_linked_cve_family"
"aa23-215a","E250","SAP NetWeaver Application Server Java","33922","33959","cpe:2.3:a:sap:netweaver_application_server_java:*:*:*:*:*:*:*:*","a:sap:netweaver_application_server_java","R131","CVE-2022-22536","canonical_family_but_not_linked_cve"
"aa23-215a","E251","ABAP Platform","33961","33974","cpe:2.3:a:sap:abap_platform:*:*:*:*:*:*:*:*","a:sap:abap_platform","R132","CVE-2022-22536","canonical_family_but_not_linked_cve"
"aa23-215a","E252","SAP Content Server","33976","33994","cpe:2.3:a:sap:content_server:*:*:*:*:*:*:*:*","a:sap:content_server","R133","CVE-2022-22536","validated_linked_cve_family"
"aa23-215a","E253","SAP Web Dispatcher","34005","34023","cpe:2.3:a:sap:web_dispatcher:*:*:*:*:*:*:*:*","a:sap:web_dispatcher","R134","CVE-2022-22536","validated_linked_cve_family"
"aa23-215a","E254","Spring Cloud Function","34345","34366","cpe:2.3:a:vmware:spring_cloud_function:*:*:*:*:*:*:*:*","a:vmware:spring_cloud_function","R135","CVE-2022-22963","validated_linked_cve_family"
"aa23-215a","E255","Workspace ONE Access","34539","34559","cpe:2.3:a:vmware:workspace_one_access:*:*:*:*:*:*:*:*","a:vmware:workspace_one_access","R136","CVE-2022-22954","validated_linked_cve_family"
"aa23-215a","E256","Identity Manager","34617","34633","cpe:2.3:a:vmware:identity_manager:*:*:*:*:*:*:*:*","a:vmware:identity_manager","R137","CVE-2022-22954","validated_linked_cve_family"
"aa23-215a","E257","vRealize Automation","34668","34687","cpe:2.3:a:vmware:vrealize_automation:*:*:*:*:*:*:*:*","a:vmware:vrealize_automation","R138","CVE-2022-22954","validated_linked_cve_family"
"aa23-215a","E258","VMware Cloud Foundation","34705","34728","cpe:2.3:a:vmware:cloud_foundation:*:*:*:*:*:*:*:*","a:vmware:cloud_foundation","R139","CVE-2022-22954","validated_linked_cve_family"
"aa23-215a","E259","vRealize Suite Lifecycle Manager","34743","34775","cpe:2.3:a:vmware:vrealize_suite_lifecycle_manager:*:*:*:*:*:*:*:*","a:vmware:vrealize_suite_lifecycle_manager","R140","CVE-2022-22954","validated_linked_cve_family"
"aa23-215a","E260","Workspace ONE Access","34886","34906","cpe:2.3:a:vmware:workspace_one_access:*:*:*:*:*:*:*:*","a:vmware:workspace_one_access","R141","CVE-2022-22960","validated_linked_cve_family"
"aa23-215a","E261","Identity Manager","34960","34976","cpe:2.3:a:vmware:identity_manager:*:*:*:*:*:*:*:*","a:vmware:identity_manager","R142","CVE-2022-22960","validated_linked_cve_family"
"aa23-215a","E262","vRealize Automation","34988","35007","cpe:2.3:a:vmware:vrealize_automation:*:*:*:*:*:*:*:*","a:vmware:vrealize_automation","R143","CVE-2022-22960","validated_linked_cve_family"
"aa23-215a","E263","VMware Cloud Foundation","35075","35098","cpe:2.3:a:vmware:cloud_foundation:*:*:*:*:*:*:*:*","a:vmware:cloud_foundation","R144","CVE-2022-22960","validated_linked_cve_family"
"aa23-215a","E264","vRealize Suite Lifecycle Manager","35150","35182","cpe:2.3:a:vmware:vrealize_suite_lifecycle_manager:*:*:*:*:*:*:*:*","a:vmware:vrealize_suite_lifecycle_manager","R145","CVE-2022-22960","validated_linked_cve_family"
"aa23-215a","E265","WSO2 API Manager","35241","35257","cpe:2.3:a:wso2:api_manager:*:*:*:*:*:*:*:*","a:wso2:api_manager","R146","CVE-2022-29464","validated_linked_cve_family"
"aa23-215a","E266","WSO2 Identity Server","35290","35310","cpe:2.3:a:wso2:identity_server:*:*:*:*:*:*:*:*","a:wso2:identity_server","R147","CVE-2022-29464","validated_linked_cve_family"
"aa23-215a","E267","WSO2 Identity Server Analytics","35345","35375","cpe:2.3:a:wso2:identity_server_analytics:*:*:*:*:*:*:*:*","a:wso2:identity_server_analytics","R148","CVE-2022-29464","validated_linked_cve_family"
"aa23-215a","E268","WSO2 Identity Server as Key Manager","35409","35444","cpe:2.3:a:wso2:identity_server_as_key_manager:*:*:*:*:*:*:*:*","a:wso2:identity_server_as_key_manager","R149","CVE-2022-29464","validated_linked_cve_family"
"aa23-215a","E269","WSO2 Enterprise Integrator","35479","35505","cpe:2.3:a:wso2:enterprise_integrator:*:*:*:*:*:*:*:*","a:wso2:enterprise_integrator","R150","CVE-2022-29464","validated_linked_cve_family"
"aa23-215a","E270","Zimbra Collaboration Suite","35588","35614","cpe:2.3:a:zimbra:collaboration:*:*:*:*:*:*:*:*","a:zimbra:collaboration","R151","CVE-2022-27924","canonical_family_but_not_linked_cve"
"aa23-215a","E271","F5 BIG-IP","35715","35724","cpe:2.3:a:f5:big-ip:*:*:*:*:*:*:*:*","a:f5:big-ip","R152","CVE-2022-1388","canonical_family_but_not_linked_cve"
"aa23-215a","E272","Exchange Server","36043","36058","cpe:2.3:a:microsoft:exchange_server:*:*:*:*:*:*:*:*","a:microsoft:exchange_server","R153","CVE-2022-30190","canonical_family_but_not_linked_cve"
"aa23-215a","E273","QNAP NAS","36339","36347","cpe:2.3:h:qnap:nas:*:*:*:*:*:*:*:*","h:qnap:nas","R154","CVE-2022-27593","canonical_family_but_not_linked_cve"
"aa23-215a","E274","Photo Station","36356","36369","cpe:2.3:a:qnap:photo_station:*:*:*:*:*:*:*:*","a:qnap:photo_station","R155","CVE-2022-27593","validated_linked_cve_family"
"aa23-215a","E275","Exchange Server","36474","36489","cpe:2.3:a:microsoft:exchange_server:*:*:*:*:*:*:*:*","a:microsoft:exchange_server","R156","CVE-2022-41082","validated_linked_cve_family"
"aa23-215a","E276","FortiOS","36822","36829","cpe:2.3:o:fortinet:fortios:*:*:*:*:*:*:*:*","o:fortinet:fortios","R157","CVE-2022-40684","validated_linked_cve_family"
"aa23-215a","E277","FortiProxy","36883","36893","cpe:2.3:a:fortinet:fortiproxy:*:*:*:*:*:*:*:*","a:fortinet:fortiproxy","R158","CVE-2022-40684","validated_linked_cve_family"
"aa23-215a","E278","FortiSwitchManager","36944","36962","cpe:2.3:a:fortinet:fortiswitchmanager:*:*:*:*:*:*:*:*","a:fortinet:fortiswitchmanager","R159","CVE-2022-40684","validated_linked_cve_family"
"aa23-250a-manageengine-cve-47966","E99","Zoho ManageEngine ServiceDesk Plus","9909","9943","cpe:2.3:a:zohocorp:manageengine_servicedesk_plus:*:*:*:*:*:*:*:*","a:zohocorp:manageengine_servicedesk_plus","R1|R9","CVE-2022-47966","validated_linked_cve_family"
"aa23-250a-manageengine-cve-47966","E100","Apache Log4j","16303","16315","cpe:2.3:a:apache:log4j:*:*:*:*:*:*:*:*","a:apache:log4j","R2","CVE-2021-44228","validated_linked_cve_family"
"aa23-250a-manageengine-cve-47966","E101","Zoho ManageEngine ServiceDesk Plus","3213","3247","cpe:2.3:a:zohocorp:manageengine_servicedesk_plus:*:*:*:*:*:*:*:*","a:zohocorp:manageengine_servicedesk_plus","R7","CVE-2022-47966","validated_linked_cve_family"
"aa23-250a-manageengine-cve-47966","E102","Zoho ManageEngine ServiceDesk Plus","4073","4107","cpe:2.3:a:zohocorp:manageengine_servicedesk_plus:*:*:*:*:*:*:*:*","a:zohocorp:manageengine_servicedesk_plus","R8","CVE-2022-47966","validated_linked_cve_family"
"aa23-250a-manageengine-cve-47966","E103","Zoho ManageEngine ServiceDesk Plus","26213","26247","cpe:2.3:a:zohocorp:manageengine_servicedesk_plus:*:*:*:*:*:*:*:*","a:zohocorp:manageengine_servicedesk_plus","R10","CVE-2022-47966","validated_linked_cve_family"
"aa23-250a-manageengine-cve-47966","E104","Apache Log4j","26290","26302","cpe:2.3:a:apache:log4j:*:*:*:*:*:*:*:*","a:apache:log4j","R12","CVE-2021-44228","validated_linked_cve_family"
"aa23-250a-manageengine-cve-47966","E105","Zoho ManageEngine ServiceDesk Plus","34966","35000","cpe:2.3:a:zohocorp:manageengine_servicedesk_plus:*:*:*:*:*:*:*:*","a:zohocorp:manageengine_servicedesk_plus","R13","CVE-2022-47966","validated_linked_cve_family"
"aa23-250a-manageengine-cve-47966","E106","Zoho ManageEngine ServiceDesk Plus","1548","1582","cpe:2.3:a:zohocorp:manageengine_servicedesk_plus:*:*:*:*:*:*:*:*","a:zohocorp:manageengine_servicedesk_plus","R14","CVE-2022-47966","validated_linked_cve_family"
"aa23-250a","E95","Zoho ManageEngine ServiceDesk Plus","3440","3474","cpe:2.3:a:zohocorp:manageengine_servicedesk_plus:*:*:*:*:*:*:*:*","a:zohocorp:manageengine_servicedesk_plus","R1","CVE-2022-47966","validated_linked_cve_family"
"aa23-250a","E97","Apache Log4j","17077","17089","cpe:2.3:a:apache:log4j:*:*:*:*:*:*:*:*","a:apache:log4j","R3","CVE-2021-44228","validated_linked_cve_family"
"aa23-250a","E98","Zoho ManageEngine ServiceDesk Plus","1470","1504","cpe:2.3:a:zohocorp:manageengine_servicedesk_plus:*:*:*:*:*:*:*:*","a:zohocorp:manageengine_servicedesk_plus","R5","CVE-2022-47966","validated_linked_cve_family"
"aa23-250a","E99","Zoho ManageEngine ServiceDesk Plus","4299","4333","cpe:2.3:a:zohocorp:manageengine_servicedesk_plus:*:*:*:*:*:*:*:*","a:zohocorp:manageengine_servicedesk_plus","R6","CVE-2022-47966","validated_linked_cve_family"
"aa23-250a","E100","Zoho ManageEngine ServiceDesk Plus","10422","10456","cpe:2.3:a:zohocorp:manageengine_servicedesk_plus:*:*:*:*:*:*:*:*","a:zohocorp:manageengine_servicedesk_plus","R7","CVE-2022-47966","validated_linked_cve_family"
"aa23-250a","E101","Zoho ManageEngine ServiceDesk Plus","27424","27458","cpe:2.3:a:zohocorp:manageengine_servicedesk_plus:*:*:*:*:*:*:*:*","a:zohocorp:manageengine_servicedesk_plus","R8","CVE-2022-47966","validated_linked_cve_family"
"aa23-250a","E102","Apache Log4j","27501","27513","cpe:2.3:a:apache:log4j:*:*:*:*:*:*:*:*","a:apache:log4j","R9","CVE-2021-44228","validated_linked_cve_family"
"aa23-250a","E103","Zoho ManageEngine ServiceDesk Plus","36515","36549","cpe:2.3:a:zohocorp:manageengine_servicedesk_plus:*:*:*:*:*:*:*:*","a:zohocorp:manageengine_servicedesk_plus","R10","CVE-2022-47966","validated_linked_cve_family"
"aa23-278a","E92","Telerik
®
 UI for ASP.NET","20568","20593","cpe:2.3:a:progress:telerik_ui_for_asp.net_ajax:*:*:*:*:*:*:*:*","a:progress:telerik_ui_for_asp.net_ajax","R8","CVE-2019-18935","canonical_family_but_not_linked_cve"
"aa23-278a","E93","VMware
®
 Horizon","20676","20693","cpe:2.3:a:vmware:horizon:*:*:*:*:*:*:*:*","a:vmware:horizon","R9","CVE-2021-44228","canonical_family_but_not_linked_cve"
"aa23-278a","E94","Zimbra
®
 Collaboration Suite","20820","20849","cpe:2.3:a:zimbra:collaboration:*:*:*:*:*:*:*:*","a:zimbra:collaboration","R10|R11|R12|R13|R14","CVE-2022-24682|CVE-2022-27924|CVE-2022-27925|CVE-2022-30333|CVE-2022-37042","canonical_family_but_not_linked_cve"
"aa23-289a","E1","Atlassian Confluence","1094","1114","cpe:2.3:a:atlassian:confluence:*:*:*:*:*:*:*:*","a:atlassian:confluence","R1","CVE-2023-22515","canonical_family_but_not_linked_cve"
"aa23-289a","E16","Atlassian Confluence Data Center and Server","1513","1556","cpe:2.3:a:atlassian:confluence:*:*:*:*:*:*:*:*","a:atlassian:confluence","R3","CVE-2023-22515","canonical_family_but_not_linked_cve"
"aa23-289a","E17","Atlassian Confluence Data Center and Server","3069","3112","cpe:2.3:a:atlassian:confluence:*:*:*:*:*:*:*:*","a:atlassian:confluence","R4","CVE-2023-22515","canonical_family_but_not_linked_cve"
"aa23-325a-citrix-bleed-cve-4966","E21","Citrix NetScaler ADC","4610","4630","cpe:2.3:a:citrix:netscaler_application_delivery_controller:*:*:*:*:*:*:*:*","a:citrix:netscaler_application_delivery_controller","R1","CVE-2023-4966","validated_linked_cve_family"
"aa23-325a-citrix-bleed-cve-4966","E22","NetScaler Gateway","4635","4652","cpe:2.3:a:citrix:netscaler_gateway:*:*:*:*:*:*:*:*","a:citrix:netscaler_gateway","R2","CVE-2023-4966","validated_linked_cve_family"
"aa23-325a-citrix-bleed-cve-4966","E23","Citrix NetScaler","1815","1831","cpe:2.3:a:citrix:netscaler_application_delivery_controller:*:*:*:*:*:*:*:*","a:citrix:netscaler_application_delivery_controller","R5","CVE-2023-4966","validated_linked_cve_family"
"aa23-325a-citrix-bleed-cve-4966","E24","NetScaler Gateway","1875","1892","cpe:2.3:a:citrix:netscaler_gateway:*:*:*:*:*:*:*:*","a:citrix:netscaler_gateway","R6","CVE-2023-4966","validated_linked_cve_family"
"aa23-325a","E11","Citrix NetScaler ADC","4887","4907","cpe:2.3:a:citrix:netscaler_application_delivery_controller:*:*:*:*:*:*:*:*","a:citrix:netscaler_application_delivery_controller","R1","CVE-2023-4966","validated_linked_cve_family"
"aa23-325a","E12","NetScaler Gateway","4912","4929","cpe:2.3:a:citrix:netscaler_gateway:*:*:*:*:*:*:*:*","a:citrix:netscaler_gateway","R2","CVE-2023-4966","validated_linked_cve_family"
"aa23-325a","E20","Citrix NetScaler","2192","2208","cpe:2.3:a:citrix:netscaler_application_delivery_controller:*:*:*:*:*:*:*:*","a:citrix:netscaler_application_delivery_controller","R4","CVE-2023-4966","validated_linked_cve_family"
"aa23-325a","E21","NetScaler Gateway","2252","2269","cpe:2.3:a:citrix:netscaler_gateway:*:*:*:*:*:*:*:*","a:citrix:netscaler_gateway","R5","CVE-2023-4966","validated_linked_cve_family"
"aa23-325a","E22","NetScaler Gateway","6164","6181","cpe:2.3:a:citrix:netscaler_gateway:*:*:*:*:*:*:*:*","a:citrix:netscaler_gateway","R7","CVE-2023-4966","validated_linked_cve_family"
"aa23-325a","E23","NetScaler Gateway","6224","6241","cpe:2.3:a:citrix:netscaler_gateway:*:*:*:*:*:*:*:*","a:citrix:netscaler_gateway","R8","CVE-2023-4966","validated_linked_cve_family"
"aa23-325a","E24","NetScaler Gateway","6285","6302","cpe:2.3:a:citrix:netscaler_gateway:*:*:*:*:*:*:*:*","a:citrix:netscaler_gateway","R9","CVE-2023-4966","validated_linked_cve_family"
"aa23-325a","E25","NetScaler Gateway","6346","6363","cpe:2.3:a:citrix:netscaler_gateway:*:*:*:*:*:*:*:*","a:citrix:netscaler_gateway","R10","CVE-2023-4966","validated_linked_cve_family"
"aa23-325a","E26","NetScaler ADC","6146","6159","cpe:2.3:a:citrix:netscaler_application_delivery_controller:*:*:*:*:*:*:*:*","a:citrix:netscaler_application_delivery_controller","R11","CVE-2023-4966","validated_linked_cve_family"
"aa23-325a","E27","NetScaler ADC","6206","6219","cpe:2.3:a:citrix:netscaler_application_delivery_controller:*:*:*:*:*:*:*:*","a:citrix:netscaler_application_delivery_controller","R12","CVE-2023-4966","validated_linked_cve_family"
"aa23-325a","E28","NetScaler ADC","6267","6280","cpe:2.3:a:citrix:netscaler_application_delivery_controller:*:*:*:*:*:*:*:*","a:citrix:netscaler_application_delivery_controller","R13","CVE-2023-4966","validated_linked_cve_family"
"aa23-325a","E29","NetScaler ADC","6328","6341","cpe:2.3:a:citrix:netscaler_application_delivery_controller:*:*:*:*:*:*:*:*","a:citrix:netscaler_application_delivery_controller","R14","CVE-2023-4966","validated_linked_cve_family"
"aa23-325a","E30","NetScaler ADC","6385","6398","cpe:2.3:a:citrix:netscaler_application_delivery_controller:*:*:*:*:*:*:*:*","a:citrix:netscaler_application_delivery_controller","R15","CVE-2023-4966","validated_linked_cve_family"
"aa23-325a","E31","NetScaler ADC","6429","6442","cpe:2.3:a:citrix:netscaler_application_delivery_controller:*:*:*:*:*:*:*:*","a:citrix:netscaler_application_delivery_controller","R16","CVE-2023-4966","validated_linked_cve_family"
"aa23-325a","E32","NetScaler ADC","6474","6487","cpe:2.3:a:citrix:netscaler_application_delivery_controller:*:*:*:*:*:*:*:*","a:citrix:netscaler_application_delivery_controller","R17","CVE-2023-4966","validated_linked_cve_family"
"aa23-339a-coldfusion-cve-26360","E3","Adobe ColdFusion","431","447","cpe:2.3:a:adobe:coldfusion:*:*:*:*:*:*:*:*","a:adobe:coldfusion","R2","CVE-2023-26360","validated_linked_cve_family"
"aa23-339a-coldfusion-cve-26360","E4","Adobe ColdFusion","1997","2013","cpe:2.3:a:adobe:coldfusion:*:*:*:*:*:*:*:*","a:adobe:coldfusion","R3","CVE-2023-26360","validated_linked_cve_family"
"aa23-339a-coldfusion-cve-26360","E5","Adobe ColdFusion","1468","1484","cpe:2.3:a:adobe:coldfusion:*:*:*:*:*:*:*:*","a:adobe:coldfusion","R10|R4","CVE-2023-26360","validated_linked_cve_family"
"aa23-339a-coldfusion-cve-26360","E43","Adobe ColdFusion","22","38","cpe:2.3:a:adobe:coldfusion:*:*:*:*:*:*:*:*","a:adobe:coldfusion","R6","CVE-2023-26360","validated_linked_cve_family"
"aa23-339a-coldfusion-cve-26360","E44","ColdFusion","547","557","cpe:2.3:a:adobe:coldfusion:*:*:*:*:*:*:*:*","a:adobe:coldfusion","R7","CVE-2023-26360","validated_linked_cve_family"
"aa23-339a-coldfusion-cve-26360","E45","ColdFusion","567","577","cpe:2.3:a:adobe:coldfusion:*:*:*:*:*:*:*:*","a:adobe:coldfusion","R8","CVE-2023-26360","validated_linked_cve_family"
"aa23-339a-coldfusion-cve-26360","E46","Adobe ColdFusion","942","958","cpe:2.3:a:adobe:coldfusion:*:*:*:*:*:*:*:*","a:adobe:coldfusion","R9","CVE-2023-26360","validated_linked_cve_family"
"aa23-339a","E25","Adobe ColdFusion","4271","4287","cpe:2.3:a:adobe:coldfusion:*:*:*:*:*:*:*:*","a:adobe:coldfusion","R1|R9","CVE-2023-26360","validated_linked_cve_family"
"aa23-339a","E53","Adobe ColdFusion","966","982","cpe:2.3:a:adobe:coldfusion:*:*:*:*:*:*:*:*","a:adobe:coldfusion","R3","CVE-2023-26360","validated_linked_cve_family"
"aa23-339a","E54","Adobe ColdFusion","1366","1382","cpe:2.3:a:adobe:coldfusion:*:*:*:*:*:*:*:*","a:adobe:coldfusion","R4","CVE-2023-26360","validated_linked_cve_family"
"aa23-339a","E56","ColdFusion","1482","1492","cpe:2.3:a:adobe:coldfusion:*:*:*:*:*:*:*:*","a:adobe:coldfusion","R6","CVE-2023-26360","validated_linked_cve_family"
"aa23-339a","E57","ColdFusion","1502","1512","cpe:2.3:a:adobe:coldfusion:*:*:*:*:*:*:*:*","a:adobe:coldfusion","R7","CVE-2023-26360","validated_linked_cve_family"
"aa23-339a","E58","Adobe ColdFusion","2712","2728","cpe:2.3:a:adobe:coldfusion:*:*:*:*:*:*:*:*","a:adobe:coldfusion","R8","CVE-2023-26360","validated_linked_cve_family"
"aa23-339a","E59","Adobe ColdFusion","9370","9386","cpe:2.3:a:adobe:coldfusion:*:*:*:*:*:*:*:*","a:adobe:coldfusion","R10","CVE-2023-26360","validated_linked_cve_family"
"aa23-347a-play-ransomware","E78","JetBrains TeamCity","1293","1311","cpe:2.3:a:jetbrains:teamcity:*:*:*:*:*:*:*:*","a:jetbrains:teamcity","R4","CVE-2023-42793","validated_linked_cve_family"
"aa23-347a-play-ransomware","E79","TeamCity","7438","7446","cpe:2.3:a:jetbrains:teamcity:*:*:*:*:*:*:*:*","a:jetbrains:teamcity","R5","CVE-2023-42793","validated_linked_cve_family"
"aa23-347a-play-ransomware","E80","JetBrains TeamCity","8477","8495","cpe:2.3:a:jetbrains:teamcity:*:*:*:*:*:*:*:*","a:jetbrains:teamcity","R6","CVE-2023-42793","validated_linked_cve_family"
"aa23-347a-play-ransomware","E81","JetBrains TeamCity","20700","20718","cpe:2.3:a:jetbrains:teamcity:*:*:*:*:*:*:*:*","a:jetbrains:teamcity","R7","CVE-2023-42793","validated_linked_cve_family"
"aa23-347a","E80","JetBrains TeamCity","1695","1713","cpe:2.3:a:jetbrains:teamcity:*:*:*:*:*:*:*:*","a:jetbrains:teamcity","R4","CVE-2023-42793","validated_linked_cve_family"
"aa23-347a","E81","TeamCity","7813","7821","cpe:2.3:a:jetbrains:teamcity:*:*:*:*:*:*:*:*","a:jetbrains:teamcity","R5","CVE-2023-42793","validated_linked_cve_family"
"aa23-347a","E82","JetBrains TeamCity","8841","8859","cpe:2.3:a:jetbrains:teamcity:*:*:*:*:*:*:*:*","a:jetbrains:teamcity","R6","CVE-2023-42793","validated_linked_cve_family"
"aa23-347a","E83","JetBrains TeamCity","21641","21659","cpe:2.3:a:jetbrains:teamcity:*:*:*:*:*:*:*:*","a:jetbrains:teamcity","R7","CVE-2023-42793","validated_linked_cve_family"
"aa23-349a","E62","SMB version 1","18964","18977","cpe:2.3:a:microsoft:server_message_block:1.0:*:*:*:*:*:*:*","a:microsoft:server_message_block","R3","CVE-2017-0144","validated_linked_cve_family"
"aa23-352a","E6","FortiOS","5188","5195","cpe:2.3:o:fortinet:fortios:*:*:*:*:*:*:*:*","o:fortinet:fortios","R1|R2","CVE-2018-13379|CVE-2020-12812","validated_linked_cve_family"
"aa23-352a","E7","Microsoft Exchange","5236","5254","cpe:2.3:a:microsoft:exchange_server:*:*:*:*:*:*:*:*","a:microsoft:exchange_server","R3|R4","CVE-2022-41040|CVE-2022-41082","validated_linked_cve_family"
"aa23-352a","E8","SimpleHelp","5692","5702","cpe:2.3:a:simple-help:simplehelp:*:*:*:*:*:*:*:*","a:simple-help:simplehelp","R5","CVE-2024-57727","validated_linked_cve_family"
"aa24-016a-androxgh0st","E8","PHPUnit","3811","3818","cpe:2.3:a:phpunit_project:phpunit:*:*:*:*:*:*:*:*","a:phpunit_project:phpunit","R1","CVE-2017-9841","validated_linked_cve_family"
"aa24-016a-androxgh0st","E9","Laravel","6226","6233","cpe:2.3:a:laravel:laravel:*:*:*:*:*:*:*:*","a:laravel:laravel","R3","CVE-2018-15133","validated_linked_cve_family"
"aa24-016a-androxgh0st","E10","Apache HTTP Server","6587","6605","cpe:2.3:a:apache:http_server:*:*:*:*:*:*:*:*","a:apache:http_server","R5","CVE-2021-41773","validated_linked_cve_family"
"aa24-016a-androxgh0st","E42","PHPUnit","15602","15609","cpe:2.3:a:phpunit_project:phpunit:*:*:*:*:*:*:*:*","a:phpunit_project:phpunit","R8","CVE-2017-9841","validated_linked_cve_family"
"aa24-016a","E8","PHPUnit","4017","4024","cpe:2.3:a:phpunit_project:phpunit:*:*:*:*:*:*:*:*","a:phpunit_project:phpunit","R1","CVE-2017-9841","validated_linked_cve_family"
"aa24-016a","E9","Laravel","6471","6478","cpe:2.3:a:laravel:laravel:*:*:*:*:*:*:*:*","a:laravel:laravel","R2","CVE-2018-15133","validated_linked_cve_family"
"aa24-016a","E10","Apache HTTP Server","6828","6846","cpe:2.3:a:apache:http_server:*:*:*:*:*:*:*:*","a:apache:http_server","R3","CVE-2021-41773","validated_linked_cve_family"
"aa24-016a","E41","PHPUnit","16671","16678","cpe:2.3:a:phpunit_project:phpunit:*:*:*:*:*:*:*:*","a:phpunit_project:phpunit","R6","CVE-2017-9841","validated_linked_cve_family"
"aa24-038a-volt-typhoon","E2","FortiGate 300D","16576","16590","cpe:2.3:o:fortinet:fortios:*:*:*:*:*:*:*:*","o:fortinet:fortios","R1","CVE-2022-42475","validated_linked_cve_family"
"aa24-038a","E135","FortiGate 300D","22588","22602","cpe:2.3:o:fortinet:fortios:*:*:*:*:*:*:*:*","o:fortinet:fortios","R2","CVE-2022-42475","validated_linked_cve_family"
"aa24-046a","E6","Log4J","8007","8012","cpe:2.3:a:apache:log4j:*:*:*:*:*:*:*:*","a:apache:log4j","R1","CVE-2021-44228","validated_linked_cve_family"
"aa24-060b","E21","Ivanti Connect Secure","2748","2769","cpe:2.3:a:ivanti:connect_secure:*:*:*:*:*:*:*:*","a:ivanti:connect_secure","R1|R16|R3","CVE-2023-46805|CVE-2024-21887|CVE-2024-21893","validated_linked_cve_family"
"aa24-060b","E22","Ivanti Policy Secure","2774","2794","cpe:2.3:a:ivanti:policy_secure:*:*:*:*:*:*:*:*","a:ivanti:policy_secure","R17|R2|R4","CVE-2023-46805|CVE-2024-21887|CVE-2024-21893","validated_linked_cve_family"
"aa24-060b","E24","Ivanti Connect Secure","7266","7287","cpe:2.3:a:ivanti:connect_secure:*:*:*:*:*:*:*:*","a:ivanti:connect_secure","R6","CVE-2024-21893","validated_linked_cve_family"
"aa24-060b","E25","Ivanti Policy Secure","7300","7320","cpe:2.3:a:ivanti:policy_secure:*:*:*:*:*:*:*:*","a:ivanti:policy_secure","R7","CVE-2024-21893","validated_linked_cve_family"
"aa24-060b","E26","Ivanti Neurons for ZTA","7338","7360","cpe:2.3:a:ivanti:neurons_for_zero-trust_access:*:*:*:*:*:*:*:*","a:ivanti:neurons_for_zero-trust_access","R8","CVE-2024-21893","validated_linked_cve_family"
"aa24-060b","E28","Ivanti Connect Secure","7506","7527","cpe:2.3:a:ivanti:connect_secure:*:*:*:*:*:*:*:*","a:ivanti:connect_secure","R10","CVE-2024-22024","validated_linked_cve_family"
"aa24-060b","E29","Ivanti Policy Secure","7541","7561","cpe:2.3:a:ivanti:policy_secure:*:*:*:*:*:*:*:*","a:ivanti:policy_secure","R11","CVE-2024-22024","validated_linked_cve_family"
"aa24-060b","E30","ZTA gateways","7579","7591","cpe:2.3:a:ivanti:zero_trust_access_gateway:*:*:*:*:*:*:*:*","a:ivanti:zero_trust_access_gateway","R12","CVE-2024-22024","validated_linked_cve_family"
"aa24-060b","E32","Ivanti Connect Secure","7758","7779","cpe:2.3:a:ivanti:connect_secure:*:*:*:*:*:*:*:*","a:ivanti:connect_secure","R14","CVE-2024-21888","validated_linked_cve_family"
"aa24-060b","E33","Ivanti Policy Secure","7784","7804","cpe:2.3:a:ivanti:policy_secure:*:*:*:*:*:*:*:*","a:ivanti:policy_secure","R15","CVE-2024-21888","validated_linked_cve_family"
"aa24-060b","E34","Ivanti Connect Secure","6230","6251","cpe:2.3:a:ivanti:connect_secure:*:*:*:*:*:*:*:*","a:ivanti:connect_secure","R18|R20","CVE-2023-46805|CVE-2024-21887","validated_linked_cve_family"
"aa24-060b","E35","Ivanti Policy Secure","6256","6276","cpe:2.3:a:ivanti:policy_secure:*:*:*:*:*:*:*:*","a:ivanti:policy_secure","R19|R21","CVE-2023-46805|CVE-2024-21887","validated_linked_cve_family"
"aa24-109a","E75","SonicWall","6986","6995","cpe:2.3:o:sonicwall:sonicos:*:*:*:*:*:*:*:*","o:sonicwall:sonicos","R1","CVE-2024-40766","validated_linked_cve_family"
"aa24-109a","E77","Veeam","8089","8094","cpe:2.3:a:veeam:veeam_backup_\&_replication:*:*:*:*:*:*:*:*","a:veeam:veeam_backup_\&_replication","R2|R3","CVE-2023-27532|CVE-2024-40711","validated_linked_cve_family"
"aa24-193a","E62","Oracle Web Applications Desktop Integrator","13642","13684","cpe:2.3:a:oracle:web_applications_desktop_integrator:*:*:*:*:*:*:*:*","a:oracle:web_applications_desktop_integrator","R1","CVE-2022-21587","canonical_family_but_not_linked_cve"
"aa24-207a","E108","Apache’s Log4j","17433","17447","cpe:2.3:a:apache:log4j:*:*:*:*:*:*:*:*","a:apache:log4j","R2","CVE-2021-44228","validated_linked_cve_family"
"aa24-241a","E68","Check Point Security Gateways","8332","8361","cpe:2.3:o:checkpoint:quantum_security_gateway_firmware:*:*:*:*:*:*:*:*","o:checkpoint:quantum_security_gateway_firmware","R7","CVE-2024-24919","validated_linked_cve_family"
"aa24-241a","E69","Palo Alto Networks PAN-OS","8510","8535","cpe:2.3:o:paloaltonetworks:pan-os:*:*:*:*:*:*:*:*","o:paloaltonetworks:pan-os","R8","CVE-2024-3400","validated_linked_cve_family"
"aa24-241a","E70","Citrix Netscaler","8780","8796","cpe:2.3:a:citrix:netscaler_application_delivery_controller:*:*:*:*:*:*:*:*","a:citrix:netscaler_application_delivery_controller","R10|R9","CVE-2019-19781|CVE-2023-3519","validated_linked_cve_family"
"aa24-241a","E71","BIG-IP F5","8827","8836","cpe:2.3:a:f5:big-ip:*:*:*:*:*:*:*:*","a:f5:big-ip","R11","CVE-2022-1388","canonical_family_but_not_linked_cve"
"aa24-241a","E72","Citrix Netscaler","9168","9184","cpe:2.3:a:citrix:netscaler_application_delivery_controller:*:*:*:*:*:*:*:*","a:citrix:netscaler_application_delivery_controller","R12|R13","CVE-2019-19781|CVE-2023-3519","validated_linked_cve_family"
"aa24-241a","E73","F5 BIG-IP","9221","9230","cpe:2.3:a:f5:big-ip:*:*:*:*:*:*:*:*","a:f5:big-ip","R14","CVE-2022-1388","canonical_family_but_not_linked_cve"
"aa24-241a","E74","PanOS","9311","9316","cpe:2.3:o:paloaltonetworks:pan-os:*:*:*:*:*:*:*:*","o:paloaltonetworks:pan-os","R15","CVE-2024-3400","validated_linked_cve_family"
"aa24-241a","E76","Citrix Netscaler","14585","14601","cpe:2.3:a:citrix:netscaler_application_delivery_controller:*:*:*:*:*:*:*:*","a:citrix:netscaler_application_delivery_controller","R21|R22","CVE-2019-19781|CVE-2023-3519","validated_linked_cve_family"
"aa24-241a","E77","F5 BIG-IP","14640","14649","cpe:2.3:a:f5:big-ip:*:*:*:*:*:*:*:*","a:f5:big-ip","R23","CVE-2022-1388","canonical_family_but_not_linked_cve"
"aa24-241a","E78","PanOS","14712","14717","cpe:2.3:o:paloaltonetworks:pan-os:*:*:*:*:*:*:*:*","o:paloaltonetworks:pan-os","R24","CVE-2024-3400","validated_linked_cve_family"
"aa24-241a","E79","Check Point Security Gateways","14746","14775","cpe:2.3:o:checkpoint:quantum_security_gateway_firmware:*:*:*:*:*:*:*:*","o:checkpoint:quantum_security_gateway_firmware","R25","CVE-2024-24919","validated_linked_cve_family"
"aa24-242a","E17","Netlogon","7463","7471","cpe:2.3:o:microsoft:windows:*:*:*:*:*:*:*:*","o:microsoft:windows","R1","CVE-2020-1472","canonical_family_but_not_linked_cve"
"aa24-242a","E18","Confluence","5976","5986","cpe:2.3:a:atlassian:confluence:*:*:*:*:*:*:*:*","a:atlassian:confluence","R2","CVE-2023-22515","canonical_family_but_not_linked_cve"
"aa24-242a","E19","FortiOS","5011","5018","cpe:2.3:o:fortinet:fortios:*:*:*:*:*:*:*:*","o:fortinet:fortios","R3","CVE-2023-27997","validated_linked_cve_family"
"aa24-242a","E20","Apache ActiveMQ","5450","5465","cpe:2.3:a:apache:activemq:*:*:*:*:*:*:*:*","a:apache:activemq","R4","CVE-2023-46604","validated_linked_cve_family"
"aa24-242a","E67","Citrix ADC","4591","4601","cpe:2.3:a:citrix:netscaler_application_delivery_controller:*:*:*:*:*:*:*:*","a:citrix:netscaler_application_delivery_controller","R7","CVE-2023-3519","validated_linked_cve_family"
"aa24-242a","E68","FortiProxy","5125","5135","cpe:2.3:a:fortinet:fortiproxy:*:*:*:*:*:*:*:*","a:fortinet:fortiproxy","R9","CVE-2023-27997","validated_linked_cve_family"
"aa24-242a","E69","BIG-IP","6479","6485","cpe:2.3:a:f5:big-ip:*:*:*:*:*:*:*:*","a:f5:big-ip","R13","CVE-2023-46747","canonical_family_but_not_linked_cve"
"aa24-242a","E70","Fortinet FortiClientEMS","6797","6820","cpe:2.3:a:fortinet:forticlient_enterprise_management_server:*:*:*:*:*:*:*:*","a:fortinet:forticlient_enterprise_management_server","R16","CVE-2023-48788","validated_linked_cve_family"
"aa24-242a","E71","Microsoft Windows","7011","7028","cpe:2.3:o:microsoft:windows:*:*:*:*:*:*:*:*","o:microsoft:windows","R18","CVE-2017-0144","canonical_family_but_not_linked_cve"
"aa24-249a","E95","Windows Server","9529","9543","cpe:2.3:o:microsoft:windows_server:*:*:*:*:*:*:*:*","o:microsoft:windows_server","R5","CVE-2020-1472","canonical_family_but_not_linked_cve"
"aa24-249a","E96","Atlassian Confluence","9563","9583","cpe:2.3:a:atlassian:confluence:*:*:*:*:*:*:*:*","a:atlassian:confluence","R6","CVE-2021-26084","canonical_family_but_not_linked_cve"
"aa24-249a","E97","Polkit","9716","9722","cpe:2.3:a:polkit_project:polkit:*:*:*:*:*:*:*:*","a:polkit_project:polkit","R7","CVE-2021-4034","validated_linked_cve_family"
"aa24-249a","E98","Atlassian Confluence","10111","10131","cpe:2.3:a:atlassian:confluence:*:*:*:*:*:*:*:*","a:atlassian:confluence","R8","CVE-2022-26134","canonical_family_but_not_linked_cve"
"aa24-249a","E99","Atlassian Confluence","10174","10194","cpe:2.3:a:atlassian:confluence:*:*:*:*:*:*:*:*","a:atlassian:confluence","R9","CVE-2022-26138","canonical_family_but_not_linked_cve"
"aa24-249a","E100","Sophos: Firewall","10236","10252","cpe:2.3:a:sophos:firewall:*:*:*:*:*:*:*:*","a:sophos:firewall","R10","CVE-2022-3236","validated_linked_cve_family"
"aa24-290a","E62","Microsoft’s Netlogon","6719","6739","cpe:2.3:o:microsoft:windows:*:*:*:*:*:*:*:*","o:microsoft:windows","R3","CVE-2020-1472","canonical_family_but_not_linked_cve"
"aa24-290a","E63","Microsoft’s Netlogon","18835","18855","cpe:2.3:o:microsoft:windows:*:*:*:*:*:*:*:*","o:microsoft:windows","R4","CVE-2020-1472","canonical_family_but_not_linked_cve"
"aa24-290a","E64","Microsoft’s Netlogon","19343","19363","cpe:2.3:o:microsoft:windows:*:*:*:*:*:*:*:*","o:microsoft:windows","R1","CVE-2020-1472","canonical_family_but_not_linked_cve"
"aa25-022a","E1","Ivanti Cloud Service Appliances","1593","1624","cpe:2.3:a:ivanti:cloud_services_appliance:*:*:*:*:*:*:*:*","a:ivanti:cloud_services_appliance","R1|R2|R3|R4","CVE-2024-8190|CVE-2024-8963|CVE-2024-9379|CVE-2024-9380","validated_linked_cve_family"
"aa25-050a","E1","Fortinet FortiOS","5003","5019","cpe:2.3:o:fortinet:fortios:*:*:*:*:*:*:*:*","o:fortinet:fortios","R1","CVE-2018-13379","validated_linked_cve_family"
"aa25-050a","E2","Adobe ColdFusion","5065","5081","cpe:2.3:a:adobe:coldfusion:*:*:*:*:*:*:*:*","a:adobe:coldfusion","R13|R2","CVE-2009-3960|CVE-2010-2861","validated_linked_cve_family"
"aa25-050a","E3","Microsoft SharePoint","5118","5138","cpe:2.3:a:microsoft:sharepoint_server:*:*:*:*:*:*:*:*","a:microsoft:sharepoint_server","R3","CVE-2019-0604","validated_linked_cve_family"
"aa25-050a","E4","Microsoft Exchange","5160","5178","cpe:2.3:a:microsoft:exchange_server:*:*:*:*:*:*:*:*","a:microsoft:exchange_server","R14|R4|R5","CVE-2021-31207|CVE-2021-34473|CVE-2021-34523","validated_linked_cve_family"
"aa25-071a","E1","ScreenConnect","4833","4846","cpe:2.3:a:connectwise:screenconnect:*:*:*:*:*:*:*:*","a:connectwise:screenconnect","R1","CVE-2024-1709","validated_linked_cve_family"
"aa25-071a","E2","Fortinet EMS","4947","4959","cpe:2.3:a:fortinet:forticlient_enterprise_management_server:*:*:*:*:*:*:*:*","a:fortinet:forticlient_enterprise_management_server","R2","CVE-2023-48788","validated_linked_cve_family"
"aa25-163a","E5","SimpleHelp RMM","1748","1762","cpe:2.3:a:simple-help:simplehelp:*:*:*:*:*:*:*:*","a:simple-help:simplehelp","R1","CVE-2024-57727","validated_linked_cve_family"
"aa25-163a","E7","SimpleHelp","1525","1535","cpe:2.3:a:simple-help:simplehelp:*:*:*:*:*:*:*:*","a:simple-help:simplehelp","R2","CVE-2024-57727","validated_linked_cve_family"
"aa25-239a","E55","Ivanti Connect Secure","78188","78209","cpe:2.3:a:ivanti:connect_secure:*:*:*:*:*:*:*:*","a:ivanti:connect_secure","R1","CVE-2024-21887","validated_linked_cve_family"
"aa25-239a","E58","Palo Alto Networks PAN-OS GlobalProtect","78337","78376","cpe:2.3:o:paloaltonetworks:pan-os:*:*:*:*:*:*:*:*","o:paloaltonetworks:pan-os","R3","CVE-2024-3400","validated_linked_cve_family"
"aa25-239a","E60","Cisco IOS XE","78585","78597","cpe:2.3:o:cisco:ios_xe:*:*:*:*:*:*:*:*","o:cisco:ios_xe","R4","CVE-2023-20273","validated_linked_cve_family"
"aa25-239a","E62","Cisco IOS XE","78796","78808","cpe:2.3:o:cisco:ios_xe:*:*:*:*:*:*:*:*","o:cisco:ios_xe","R5","CVE-2023-20198","validated_linked_cve_family"
"aa25-239a","E64","Cisco IOS","78906","78915","cpe:2.3:o:cisco:ios:*:*:*:*:*:*:*:*","o:cisco:ios","R6","CVE-2018-0171","validated_linked_cve_family"
"aa25-239a","E120","Ivanti Connect Secure","14379","14400","cpe:2.3:a:ivanti:connect_secure:*:*:*:*:*:*:*:*","a:ivanti:connect_secure","R8","CVE-2024-21887","validated_linked_cve_family"
"aa25-239a","E121","Ivanti Policy Secure","14405","14425","cpe:2.3:a:ivanti:policy_secure:*:*:*:*:*:*:*:*","a:ivanti:policy_secure","R9","CVE-2024-21887","validated_linked_cve_family"
"aa25-239a","E122","Palo Alto Networks PAN-OS GlobalProtect","14553","14592","cpe:2.3:o:paloaltonetworks:pan-os:*:*:*:*:*:*:*:*","o:paloaltonetworks:pan-os","R12","CVE-2024-3400","validated_linked_cve_family"
"aa25-239a","E123","Cisco Internetworking Operating System (IOS) XE","14995","15042","cpe:2.3:o:cisco:ios_xe:*:*:*:*:*:*:*:*","o:cisco:ios_xe","R13","CVE-2023-20273","validated_linked_cve_family"
"aa25-239a","E124","Cisco IOS XE","15260","15272","cpe:2.3:o:cisco:ios_xe:*:*:*:*:*:*:*:*","o:cisco:ios_xe","R15","CVE-2023-20198","validated_linked_cve_family"
"aa25-239a","E125","Cisco IOS","16251","16260","cpe:2.3:o:cisco:ios:*:*:*:*:*:*:*:*","o:cisco:ios","R16","CVE-2018-0171","validated_linked_cve_family"
"aa25-239a","E126","IOS XE","16265","16271","cpe:2.3:o:cisco:ios_xe:*:*:*:*:*:*:*:*","o:cisco:ios_xe","R17","CVE-2018-0171","canonical_family_but_not_linked_cve"
"aa25-239a","E127","IOS XE","78920","78926","cpe:2.3:o:cisco:ios_xe:*:*:*:*:*:*:*:*","o:cisco:ios_xe","R18","CVE-2018-0171","canonical_family_but_not_linked_cve"
"aa25-266a","E1","GeoServer","5629","5638","cpe:2.3:a:geoserver:geoserver:*:*:*:*:*:*:*:*","a:geoserver:geoserver","R1","CVE-2024-36401","validated_linked_cve_family"
"aa25-266a","E2","Linux kernel","11783","11795","cpe:2.3:o:linux:linux_kernel:*:*:*:*:*:*:*:*","o:linux:linux_kernel","R2","CVE-2016-5195","validated_by_adjudication"
"aa25-266a","E63","GeoServer","8233","8242","cpe:2.3:a:geoserver:geoserver:*:*:*:*:*:*:*:*","a:geoserver:geoserver","R7","CVE-2024-36401","validated_linked_cve_family"
"aa25-266a","E64","GeoServer","10416","10425","cpe:2.3:a:geoserver:geoserver:*:*:*:*:*:*:*:*","a:geoserver:geoserver","R8","CVE-2024-36401","validated_linked_cve_family"
"accellion-fta-google-accellion-data-theft-extortion","E11","Accellion FTA","2899","2912","cpe:2.3:a:accellion:fta:*:*:*:*:*:*:*:*","a:accellion:fta","R5|R6|R7|R8","CVE-2021-27101|CVE-2021-27102|CVE-2021-27103|CVE-2021-27104","validated_linked_cve_family"
"accellion-fta-nvd-accellion-27101","E3","cpe:2.3:a:accellion:fta:*:*:*:*:*:*:*:*","539","578","cpe:2.3:a:accellion:fta:*:*:*:*:*:*:*:*","a:accellion:fta","R2","CVE-2021-27101","validated_linked_cve_family"
"accellion-fta-nvd-accellion-27101","E6","Accellion FTA","156","169","cpe:2.3:a:accellion:fta:*:*:*:*:*:*:*:*","a:accellion:fta","R3","CVE-2021-27101","validated_linked_cve_family"
"apache-httpd-41773-tenable-httpd-41773","E8","Apache HTTP Server","2069","2087","cpe:2.3:a:apache:http_server:*:*:*:*:*:*:*:*","a:apache:http_server","R2|R3","CVE-2021-41773|CVE-2021-42013","validated_linked_cve_family"
"apache-httpd-41773-tenable-httpd-41773","E16","HTTP Server","257","268","cpe:2.3:a:apache:http_server:*:*:*:*:*:*:*:*","a:apache:http_server","R4","CVE-2021-41773","validated_linked_cve_family"
"apache-httpd-41773-tenable-httpd-41773","E17","HTTP Server","2699","2710","cpe:2.3:a:apache:http_server:*:*:*:*:*:*:*:*","a:apache:http_server","R6","CVE-2021-41773","validated_linked_cve_family"
"apache-httpd-41773-tenable-httpd-41773","E18","HTTP Server","3300","3311","cpe:2.3:a:apache:http_server:*:*:*:*:*:*:*:*","a:apache:http_server","R7","CVE-2021-42013","validated_linked_cve_family"
"citrix-adc-cisa-citrix-3519-webshells","E19","NetScaler ADC","13932","13945","cpe:2.3:a:citrix:netscaler_application_delivery_controller:*:*:*:*:*:*:*:*","a:citrix:netscaler_application_delivery_controller","R1","CVE-2023-3519","validated_linked_cve_family"
"citrix-adc-cisa-citrix-3519-webshells","E126","NetScaler ADC","3734","3747","cpe:2.3:a:citrix:netscaler_application_delivery_controller:*:*:*:*:*:*:*:*","a:citrix:netscaler_application_delivery_controller","R8","CVE-2023-3519","validated_linked_cve_family"
"citrix-adc-cisa-citrix-3519-webshells","E127","NetScaler Gateway","3752","3769","cpe:2.3:a:citrix:netscaler_gateway:*:*:*:*:*:*:*:*","a:citrix:netscaler_gateway","R9","CVE-2023-3519","validated_linked_cve_family"
"citrix-adc-tenable-citrix-19781-cve","E3","Citrix Application Delivery Controller","59","97","cpe:2.3:a:citrix:application_delivery_controller:*:*:*:*:*:*:*:*","a:citrix:application_delivery_controller","R2","CVE-2019-19781","validated_by_adjudication"
"citrix-adc-tenable-citrix-19781-cve","E5","Gateway","108","115","cpe:2.3:a:citrix:netscaler_gateway:*:*:*:*:*:*:*:*","a:citrix:netscaler_gateway","R3","CVE-2019-19781","validated_by_adjudication"
"confluence-nvd-confluence-26084","E3","cpe:2.3:a:atlassian:confluence_data_center:*:*:*:*:*:*:*:*","746","804","cpe:2.3:a:atlassian:confluence_data_center:*:*:*:*:*:*:*:*","a:atlassian:confluence_data_center","R2","CVE-2021-26084","validated_linked_cve_family"
"confluence-nvd-confluence-26084","E7","cpe:2.3:a:atlassian:confluence_server:*:*:*:*:*:*:*:*","807","860","cpe:2.3:a:atlassian:confluence_server:*:*:*:*:*:*:*:*","a:atlassian:confluence_server","R3","CVE-2021-26084","validated_linked_cve_family"
"drupalgeddon-nvd-drupalgeddon-7600","E3","Drupal","159","165","cpe:2.3:a:drupal:drupal:*:*:*:*:*:*:*:*","a:drupal:drupal","R2","CVE-2018-7600","validated_linked_cve_family"
"drupalgeddon-nvd-drupalgeddon-7600","E4","cpe:2.3:a:drupal:drupal:*:*:*:*:*:*:*:*","591","630","cpe:2.3:a:drupal:drupal:*:*:*:*:*:*:*:*","a:drupal:drupal","R3","CVE-2018-7600","validated_linked_cve_family"
"drupalgeddon-nvd-drupalgeddon-7600","E5","cpe:2.3:o:debian:debian_linux:7.0:*:*:*:*:*:*:*","633","680","cpe:2.3:o:debian:debian_linux:7.0:*:*:*:*:*:*:*","o:debian:debian_linux","R4","CVE-2018-7600","validated_linked_cve_family"
"drupalgeddon-nvd-drupalgeddon-7600","E6","cpe:2.3:o:debian:debian_linux:8.0:*:*:*:*:*:*:*","683","730","cpe:2.3:o:debian:debian_linux:8.0:*:*:*:*:*:*:*","o:debian:debian_linux","R5","CVE-2018-7600","validated_linked_cve_family"
"drupalgeddon-nvd-drupalgeddon-7600","E7","cpe:2.3:o:debian:debian_linux:9.0:*:*:*:*:*:*:*","733","780","cpe:2.3:o:debian:debian_linux:9.0:*:*:*:*:*:*:*","o:debian:debian_linux","R6","CVE-2018-7600","validated_linked_cve_family"
"eternalblue-expressvpn-eternalblue","E4","SMBv3","9062","9067","cpe:2.3:o:microsoft:windows:*:*:*:*:*:*:*:*","o:microsoft:windows","R1","CVE-2020-0796","canonical_family_but_not_linked_cve"
"fortios-sslvpn-rapid7-fortinet-targeting","E12","SAP NetWeaver","4313","4326","cpe:2.3:a:sap:netweaver:*:*:*:*:*:*:*:*","a:sap:netweaver","R7","CVE-2020-6287","canonical_family_but_not_linked_cve"
"fortios-sslvpn-rapid7-fortinet-targeting","E13","SAP CRM","5772","5779","cpe:2.3:a:sap:customer_relationship_management:*:*:*:*:*:*:*:*","a:sap:customer_relationship_management","R11","CVE-2018-2380","validated_linked_cve_family"
"fortios-sslvpn-rapid7-fortinet-targeting","E14","SAP Solution Manager","4456","4476","cpe:2.3:a:sap:solution_manager:*:*:*:*:*:*:*:*","a:sap:solution_manager","R12","CVE-2020-6207","validated_linked_cve_family"
"fortios-sslvpn-rapid7-fortinet-targeting","E18","FortiOS","1835","1842","cpe:2.3:o:fortinet:fortios:*:*:*:*:*:*:*:*","o:fortinet:fortios","R2","CVE-2018-13379","validated_linked_cve_family"
"fortios-sslvpn-rapid7-fortinet-targeting","E19","FortiOS","2341","2348","cpe:2.3:o:fortinet:fortios:*:*:*:*:*:*:*:*","o:fortinet:fortios","R3","CVE-2019-5591","validated_linked_cve_family"
"fortios-sslvpn-rapid7-fortinet-targeting","E20","FortiOS","2550","2557","cpe:2.3:o:fortinet:fortios:*:*:*:*:*:*:*:*","o:fortinet:fortios","R4","CVE-2020-12812","validated_linked_cve_family"
"fortios-sslvpn-rapid7-fortinet-targeting","E21","SAP NetWeaver","6070","6083","cpe:2.3:a:sap:netweaver:*:*:*:*:*:*:*:*","a:sap:netweaver","R8","CVE-2016-9563","validated_by_adjudication"
"fortios-sslvpn-rapid7-fortinet-targeting","E22","SAP NetWeaver","6323","6336","cpe:2.3:a:sap:netweaver:*:*:*:*:*:*:*:*","a:sap:netweaver","R9","CVE-2016-3976","validated_by_adjudication"
"fortios-sslvpn-rapid7-fortinet-targeting","E23","SAP NetWeaver","6566","6579","cpe:2.3:a:sap:netweaver:*:*:*:*:*:*:*:*","a:sap:netweaver","R10","CVE-2010-5326","canonical_family_but_not_linked_cve"
"fortios-sslvpn-rapid7-fortinet-targeting","E30","FortiOS","461","468","cpe:2.3:o:fortinet:fortios:*:*:*:*:*:*:*:*","o:fortinet:fortios","R13","CVE-2018-13379","validated_linked_cve_family"
"fortios-sslvpn-rapid7-fortinet-targeting","E31","SAP NetWeaver","4657","4670","cpe:2.3:a:sap:netweaver:*:*:*:*:*:*:*:*","a:sap:netweaver","R14","CVE-2020-6287","canonical_family_but_not_linked_cve"
"fortios-sslvpn-rapid7-fortinet-targeting","E32","SAP’s Solution Manager","5184","5206","cpe:2.3:a:sap:solution_manager:*:*:*:*:*:*:*:*","a:sap:solution_manager","R15","CVE-2020-6207","validated_linked_cve_family"
"goanywhere-nvd-goanywhere-0669","E3","cpe:2.3:a:fortra:goanywhere_managed_file_transfer:*:*:*:*:*:*:*:*","544","609","cpe:2.3:a:fortra:goanywhere_managed_file_transfer:*:*:*:*:*:*:*:*","a:fortra:goanywhere_managed_file_transfer","R2","CVE-2023-0669","validated_linked_cve_family"
"goanywhere-nvd-goanywhere-0669","E6","GoAnywhere MFT","187","201","cpe:2.3:a:fortra:goanywhere_managed_file_transfer:*:*:*:*:*:*:*:*","a:fortra:goanywhere_managed_file_transfer","R3","CVE-2023-0669","validated_linked_cve_family"
"ivanti-connect-secure-cisa-ivanti-multiple-vulnerabilities","E26","Ivanti Connect Secure","2021","2042","cpe:2.3:a:ivanti:connect_secure:*:*:*:*:*:*:*:*","a:ivanti:connect_secure","R18|R6|R8","CVE-2023-46805|CVE-2024-21887|CVE-2024-21893","validated_linked_cve_family"
"ivanti-connect-secure-cisa-ivanti-multiple-vulnerabilities","E27","Ivanti Policy Secure","2047","2067","cpe:2.3:a:ivanti:policy_secure:*:*:*:*:*:*:*:*","a:ivanti:policy_secure","R19|R7|R9","CVE-2023-46805|CVE-2024-21887|CVE-2024-21893","validated_linked_cve_family"
"ivanti-connect-secure-cisa-ivanti-multiple-vulnerabilities","E28","Ivanti Connect Secure","6670","6691","cpe:2.3:a:ivanti:connect_secure:*:*:*:*:*:*:*:*","a:ivanti:connect_secure","R10","CVE-2024-21893","validated_linked_cve_family"
"ivanti-connect-secure-cisa-ivanti-multiple-vulnerabilities","E29","Ivanti Policy Secure","6704","6724","cpe:2.3:a:ivanti:policy_secure:*:*:*:*:*:*:*:*","a:ivanti:policy_secure","R11","CVE-2024-21893","validated_linked_cve_family"
"ivanti-connect-secure-cisa-ivanti-multiple-vulnerabilities","E30","Ivanti Neurons for ZTA","6742","6764","cpe:2.3:a:ivanti:neurons_for_zero-trust_access:*:*:*:*:*:*:*:*","a:ivanti:neurons_for_zero-trust_access","R12","CVE-2024-21893","validated_linked_cve_family"
"ivanti-connect-secure-cisa-ivanti-multiple-vulnerabilities","E31","Ivanti Connect Secure","6908","6929","cpe:2.3:a:ivanti:connect_secure:*:*:*:*:*:*:*:*","a:ivanti:connect_secure","R13","CVE-2024-22024","validated_linked_cve_family"
"ivanti-connect-secure-cisa-ivanti-multiple-vulnerabilities","E32","Ivanti Policy Secure","6943","6963","cpe:2.3:a:ivanti:policy_secure:*:*:*:*:*:*:*:*","a:ivanti:policy_secure","R14","CVE-2024-22024","validated_linked_cve_family"
"ivanti-connect-secure-cisa-ivanti-multiple-vulnerabilities","E33","ZTA gateways","6981","6993","cpe:2.3:a:ivanti:zero_trust_access_gateway:*:*:*:*:*:*:*:*","a:ivanti:zero_trust_access_gateway","R15","CVE-2024-22024","validated_linked_cve_family"
"ivanti-connect-secure-cisa-ivanti-multiple-vulnerabilities","E34","Ivanti Connect Secure","7158","7179","cpe:2.3:a:ivanti:connect_secure:*:*:*:*:*:*:*:*","a:ivanti:connect_secure","R16","CVE-2024-21888","validated_linked_cve_family"
"ivanti-connect-secure-cisa-ivanti-multiple-vulnerabilities","E35","Ivanti Policy Secure","7184","7204","cpe:2.3:a:ivanti:policy_secure:*:*:*:*:*:*:*:*","a:ivanti:policy_secure","R17","CVE-2024-21888","validated_linked_cve_family"
"ivanti-connect-secure-cisa-ivanti-multiple-vulnerabilities","E36","Ivanti Connect Secure","5630","5651","cpe:2.3:a:ivanti:connect_secure:*:*:*:*:*:*:*:*","a:ivanti:connect_secure","R20|R22","CVE-2023-46805|CVE-2024-21887","validated_linked_cve_family"
"ivanti-connect-secure-cisa-ivanti-multiple-vulnerabilities","E37","Ivanti Policy Secure","5656","5676","cpe:2.3:a:ivanti:policy_secure:*:*:*:*:*:*:*:*","a:ivanti:policy_secure","R21|R23","CVE-2023-46805|CVE-2024-21887","validated_linked_cve_family"
"proxylogon-microsoft-hafnium-exchange","E16","Exchange","5194","5202","cpe:2.3:a:microsoft:exchange_server:*:*:*:*:*:*:*:*","a:microsoft:exchange_server","R5","CVE-2021-26855","validated_linked_cve_family"
"proxylogon-microsoft-hafnium-exchange","E18","Unified Messaging service","5370","5395","cpe:2.3:a:microsoft:exchange_server:*:*:*:*:*:*:*:*","a:microsoft:exchange_server","R6","CVE-2021-26857","validated_linked_cve_family"
"proxylogon-microsoft-hafnium-exchange","E21","Exchange","5749","5757","cpe:2.3:a:microsoft:exchange_server:*:*:*:*:*:*:*:*","a:microsoft:exchange_server","R7","CVE-2021-26858","validated_linked_cve_family"
"proxylogon-microsoft-hafnium-exchange","E30","Exchange","6103","6111","cpe:2.3:a:microsoft:exchange_server:*:*:*:*:*:*:*:*","a:microsoft:exchange_server","R8","CVE-2021-27065","validated_linked_cve_family"
